'P2P Skype client login startup',BitTorrent,uTorrent,,,,,,,,,,,,,,,,,
'P2P Skype client login',BitTorrent,uTorrent,,,,,,,,,,,,,,,,,
AlienVault HIDS: Logon Failure - Account's password expired.,Consecutive failed SMB login attempts,Consecutive failed Telnet logins,Suspicious Account Enumeration,Suspicious SMB Permission Errors,Suspicious SSH connection,Suspicious VNC Connection,SMBv1,Potential SMB Brute Force Attack,IMAP Clear-Text Password Transmission,Active Directory Password Policy Query,,,,,,,,,
AlienVault HIDS: Logon Failure - Unknown user or bad password.,Consecutive failed SMB login attempts,Consecutive failed Telnet logins,Suspicious Account Enumeration,Suspicious Password Policy Query,Suspicious SMB Permission Errors,Suspicious SSH connection,Suspicious VNC Connection,SMBv1,Potential SMB Brute Force Attack,IMAP Clear-Text Password Transmission,Active Directory Password Policy Query,,,,,,,,
AlienVault HIDS: Logon Failure - User not granted logon type.,Consecutive failed SMB login attempts,Consecutive failed Telnet logins,Suspicious Account Enumeration,Suspicious Password Policy Query,Suspicious SMB Permission Errors,Suspicious SSH connection,Suspicious VNC Connection,SMBv1,Potential SMB Brute Force Attack,IMAP Clear-Text Password Transmission,Active Directory Password Policy Query,,,,,,,,
AlienVault HIDS: Multiple XSS (Cross Site Scripting) attempts from same source ip.,Possible Cross Site Scripting Attempt,Unusual Possible Cross Site Scripting Attempt,,,,,,,,,,,,,,,,,
AlienVault HIDS: Multiple remote access login failures.,Consecutive failed SMB login attempts,Potential Lateral Movement: Psexec SMB Create,Potential SMB Brute Force Attack,Potential SMB probe for MS17-010 patch,SMBv1,Suspicious SMB Permission Errors,Suspicious use of SMBv1,Mirai Login Attempt,Administrator RDP Connection,RDP protocol,RDP Connection with Nessus Cookie,RDP Connection with nmap Cookie,RDP Connection with rapid Cookie,RDP Jump Box,Suspicious RDP Jump Box,Suspicious RDP connection,PsExec interaction,Suspicious VNC Connection,Mirai Variant
AlienVault HIDS: Multiple web server 400 error codes from same source ip.,Metasploit web server,Web Application Attack,Blocked HTTP Connection,HTTP 414 URI Too Long,Sinkhole host,Suspicious DNS Resolution,Suspicious Dynamic DNS Public IP Check,Suspicious URL,URLhaus blacklisted host,,,,,,,,,,
AlienVault HIDS: SQL injection attempt.,SQL Injection,,,,,,,,,,,,,,,,,,
AlienVault HIDS: SSHD authentication success.,SSH connection on unusual port,Suspicious SSH connection,Connection received on unusual port,Unusual connection between two hosts,,,,,,,,,,,,,,,
AlienVault HIDS: SSHD brute force trying to get access to the system.,SSH connection on unusual port,Suspicious SSH connection,Connection received on unusual port,Unusual connection between two hosts,,,,,,,,,,,,,,,
AlienVault HIDS: Windows Logon Failure.,,,,,,,,,,,,,,,,,,,
AlienVault NIDS: 'BACKDOOR c99shell.php command request - cmd',Web Shell Command,Potential Remote Shell Command,Potential Web Shell Command,Suspicious Remote Shell Command,Command Execution Over SMB,Potential ThinkPHP RCE Exploitation Attempt,,,,,,,,,,,,,
AlienVault NIDS: 'BACKDOOR c99shell.php command request - phpinfo',Web Shell Command,Potential Remote Shell Command,Potential Web Shell Command,Suspicious Remote Shell Command,Command Execution Over SMB,Potential ThinkPHP RCE Exploitation Attempt,,,,,,,,,,,,,
AlienVault NIDS: 'BACKDOOR trojan.tdss.1.gen install-time detection - findzproportal1.com',GenericTrojan_11,,,,,,,,,,,,,,,,,,
AlienVault NIDS: 'BACKDOOR trojan.tdss.1.gen install-time detection - yournewsblog.net',GenericTrojan_11,,,,,,,,,,,,,,,,,,
AlienVault NIDS: 'BLACKLIST DNS request for known malware domain in6cs.com - Trojan.Win32.Tdss.beea',Suspicious DNS Resolution,Unusual DNS Resolution,GenericTrojan_11,,,,,,,,,,,,,,,,
AlienVault NIDS: 'BLACKLIST DNS request for known malware domain urodinam.net - Trojan.Win32.TDSS.azsj',Suspicious DNS Resolution,Unusual DNS Resolution,GenericTrojan_11,,,,,,,,,,,,,,,,
AlienVault NIDS: 'BOTNET-CNC Tidserv malware command and control channel traffic',BetaBot,Loki Bot,Qakbot,TrickBot,Beaconing activity,Mirai Login Attempt,Mirai Variant,Unusual data upload,,,,,,,,,,,
AlienVault NIDS: 'ET ATTACK RESPONSE C99 Modified phpshell detected',Web Shell Command,Potential Remote Shell Command,Potential Web Shell Command,Suspicious Remote Shell Command,Command Execution Over SMB,Potential ThinkPHP RCE Exploitation Attempt,,,,,,,,,,,,,
AlienVault NIDS: 'ET ATTACK RESPONSE IRC - Channel JOIN on non-std port',Connection on suspicious port,Connection on unusual port,Connection received on unusual port,Data download on suspicious port,Data upload on suspicious port,Unusual connection received on unusual port,Self-signed certificate on high port,Unusual connection between two hosts,Unusual data upload,TLS Certificate With Default Values,,,,,,,,,
AlienVault NIDS: 'ET ATTACK RESPONSE IRC - DCC chat request on non-std port',Connection on suspicious port,Connection on unusual port,Connection received on unusual port,Data download on suspicious port,Data upload on suspicious port,Unusual connection received on unusual port,Self-signed certificate on high port,Unusual connection between two hosts,Unusual data upload,TLS Certificate With Default Values,,,,,,,,,
AlienVault NIDS: 'ET ATTACK RESPONSE IRC - Nick change on non-std port',Connection on suspicious port,Connection on unusual port,Connection received on unusual port,Data download on suspicious port,Data upload on suspicious port,Unusual connection received on unusual port,Self-signed certificate on high port,Unusual connection between two hosts,Unusual data upload,TLS Certificate With Default Values,,,,,,,,,
AlienVault NIDS: 'ET ATTACK RESPONSE IRC - Private message on non-std port',Connection on suspicious port,Connection on unusual port,Connection received on unusual port,Data download on suspicious port,Data upload on suspicious port,Unusual connection received on unusual port,Self-signed certificate on high port,Unusual connection between two hosts,Unusual data upload,TLS Certificate With Default Values,,,,,,,,,
AlienVault NIDS: 'ET ATTACK RESPONSE IRC - channel join on non-std port',Connection on suspicious port,Connection on unusual port,Connection received on unusual port,Data download on suspicious port,Data upload on suspicious port,Unusual connection received on unusual port,Self-signed certificate on high port,Unusual connection between two hosts,Unusual data upload,TLS Certificate With Default Values,,,,,,,,,
AlienVault NIDS: 'ET ATTACK RESPONSE IRC - dns request on non-std port',Connection on suspicious port,Connection on unusual port,Connection received on unusual port,Data download on suspicious port,Data upload on suspicious port,Unusual connection received on unusual port,Self-signed certificate on high port,Unusual connection between two hosts,Unusual data upload,TLS Certificate With Default Values,,,,,,,,,
AlienVault NIDS: 'ET ATTACK RESPONSE c99shell phpshell detected',Web Shell Command,Potential Remote Shell Command,Potential Web Shell Command,Suspicious Remote Shell Command,Command Execution Over SMB,Potential ThinkPHP RCE Exploitation Attempt,,,,,,,,,,,,,
AlienVault NIDS: 'ET ATTACK RESPONSE lila.jpg phpshell detected',Web Shell Command,Potential Remote Shell Command,Potential Web Shell Command,Suspicious Remote Shell Command,Command Execution Over SMB,Potential ThinkPHP RCE Exploitation Attempt,,,,,,,,,,,,,
AlienVault NIDS: 'ET ATTACK RESPONSE r57 phpshell footer detected',Web Shell Command,Potential Remote Shell Command,Potential Web Shell Command,Suspicious Remote Shell Command,Command Execution Over SMB,Potential ThinkPHP RCE Exploitation Attempt,,,,,,,,,,,,,
AlienVault NIDS: 'ET ATTACK RESPONSE x2300 phpshell detected',Web Shell Command,Potential Remote Shell Command,Potential Web Shell Command,Suspicious Remote Shell Command,Command Execution Over SMB,Potential ThinkPHP RCE Exploitation Attempt,,,,,,,,,,,,,
AlienVault NIDS: 'ET ATTACK_RESPONSE Frequent HTTP 401 Unauthorized - Possible Brute Force Attack',HTTP 414 URI Too Long,Uncommon HTTP 1xx Response With Body Content,http-evader Test Suite,,,,,,,,,,,,,,,,
AlienVault NIDS: 'ET CHAT MSN file transfer accept',FTP File Upload to a Public Server,Suspicious FTP Upload to an External Server,SMBv1,Potential SMB Brute Force Attack,Unusual data upload,,,,,,,,,,,,,,
AlienVault NIDS: 'ET CHAT MSN file transfer reject',FTP File Upload to a Public Server,Suspicious FTP Upload to an External Server,SMBv1,Potential SMB Brute Force Attack,Unusual data upload,,,,,,,,,,,,,,
AlienVault NIDS: 'ET CHAT MSN file transfer request',FTP File Upload to a Public Server,Suspicious FTP Upload to an External Server,SMBv1,Potential SMB Brute Force Attack,Unusual data upload,,,,,,,,,,,,,,
AlienVault NIDS: 'ET CURRENT_EVENTS Blackhole Acrobat 1-7 PDF exploit download request 2',BlackHole,Malicious File Download,Malicious archive download,Unusual data download,Data download on suspicious port,Malicious Script Download,,,,,,,,,,,,,
AlienVault NIDS: 'ET CURRENT_EVENTS Blackhole Acrobat 8/9.3 PDF exploit download request 2',BlackHole,Malicious File Download,Malicious archive download,Unusual data download,Data download on suspicious port,Malicious Script Download,,,,,,,,,,,,,
AlienVault NIDS: 'ET CURRENT_EVENTS Blackhole Exploit Kit Landing Reporting Successful Java Compromise',BlackHole,Malicious java app download,Malicious archive download,Malicious android app download,Unusual data download,Data download on suspicious port,,,,,,,,,,,,,
AlienVault NIDS: 'ET CURRENT_EVENTS Blackhole Exploit Pack HCP exploit 2',BlackHole,Malicious Binary Download,Malicious Document Download,Malicious File Download,Malicious Script Download,Malicious android app download,Malicious archive download,Malicious java app download,Unusual data download,Data download on suspicious port,,,,,,,,,
AlienVault NIDS: 'ET CURRENT_EVENTS Blackhole Exploit Pack HCP exploit 3',BlackHole,Malicious Binary Download,Malicious Document Download,Malicious File Download,Malicious Script Download,Malicious android app download,Malicious archive download,Malicious java app download,Unusual data download,Data download on suspicious port,,,,,,,,,
AlienVault NIDS: 'ET CURRENT_EVENTS Blackhole Exploit Pack HCP exploit',BlackHole,Malicious Binary Download,Malicious Document Download,Malicious File Download,Malicious Script Download,Malicious android app download,Malicious archive download,Malicious java app download,Unusual data download,Data download on suspicious port,,,,,,,,,
AlienVault NIDS: 'ET CURRENT_EVENTS Blackhole Exploit Pack HCP overflow Media Player lt 10',BlackHole,Malicious File Download,Malicious archive download,Unusual data download,Data download on suspicious port,Malicious Script Download,,,,,,,,,,,,,
AlienVault NIDS: 'ET CURRENT_EVENTS Bredolab CnC URL Detected',Beaconing activity,Mirai Login Attempt,Mirai Variant,Unusual data upload,,,,,,,,,,,,,,,
AlienVault NIDS: 'ET CURRENT_EVENTS Driveby Download Secondary Request',Dropper attempt to download payload,Download Of File With Malicious PowerShell,Malicious Binary Download,Malicious File Download,Unusual data download,Data download on suspicious port,Malicious Script Download,,,,,,,,,,,,
AlienVault NIDS: 'ET CURRENT_EVENTS Generic Win32 Banker Trojan CheckIn',GenericTrojan_11,Beaconing activity,Mirai Login Attempt,Mirai Variant,Unusual data upload,,,,,,,,,,,,,,
AlienVault NIDS: 'ET CURRENT_EVENTS Likely Blackhole Exploit Kit Driveby ?b Download Secondary Request',BlackHole,Malicious Binary Download,Malicious Document Download,Malicious File Download,Malicious Script Download,Malicious android app download,Malicious archive download,Malicious java app download,Unusual data download,Data download on suspicious port,,,,,,,,,
AlienVault NIDS: 'ET CURRENT_EVENTS Likely Blackhole Exploit Kit Driveby ?doit Download Secondary Request',BlackHole,Malicious Binary Download,Malicious Document Download,Malicious File Download,Malicious Script Download,Malicious android app download,Malicious archive download,Malicious java app download,Unusual data download,Data download on suspicious port,,,,,,,,,
AlienVault NIDS: 'ET CURRENT_EVENTS Likely Blackhole Exploit Kit Driveby ?n Download Secondary Request',BlackHole,Malicious Binary Download,Malicious Document Download,Malicious File Download,Malicious Script Download,Malicious android app download,Malicious archive download,Malicious java app download,Unusual data download,Data download on suspicious port,,,,,,,,,
AlienVault NIDS: 'ET CURRENT_EVENTS Likely Blackhole Exploit Kit Driveby ?page Download Secondary Request',BlackHole,Malicious Binary Download,Malicious Document Download,Malicious File Download,Malicious Script Download,Malicious android app download,Malicious archive download,Malicious java app download,Unusual data download,Data download on suspicious port,,,,,,,,,
AlienVault NIDS: 'ET CURRENT_EVENTS Likely Blackhole Exploit Kit Driveby ?v Download Secondary Request',BlackHole,Malicious Binary Download,Malicious Document Download,Malicious File Download,Malicious Script Download,Malicious android app download,Malicious archive download,Malicious java app download,Unusual data download,Data download on suspicious port,,,,,,,,,
AlienVault NIDS: 'ET CURRENT_EVENTS Likely TDS redirecting to exploit kit',Injected redirection to suspicious site,Malicious redirector,Suspicious Redirection Gateway Domain,TDS_Redirect,,,,,,,,,,,,,,,
AlienVault NIDS: 'ET CURRENT_EVENTS MUROFET/Licat Trojan Checkin Forum',GenericTrojan_11,Beaconing activity,Mirai Login Attempt,Mirai Variant,Unusual data upload,,,,,,,,,,,,,,
AlienVault NIDS: 'ET CURRENT_EVENTS MUROFET/Licat Trojan',GenericTrojan_11,,,,,,,,,,,,,,,,,,
AlienVault NIDS: 'ET CURRENT_EVENTS POST to /x48/x58/ Possible Zeus Version 3 Command and Control Server Traffic',ZeuS Gameover,,,,,,,,,,,,,,,,,,
AlienVault NIDS: 'ET CURRENT_EVENTS Ponmocup C2 Malware Update after fake JPEG download',Malicious File Download,Malicious archive download,Unusual data download,Data download on suspicious port,Malicious Script Download,,,,,,,,,,,,,,
AlienVault NIDS: 'ET CURRENT_EVENTS Ponmocup C2 Malware Update before fake JPEG download',Malicious File Download,Malicious archive download,Unusual data download,Data download on suspicious port,Malicious Script Download,,,,,,,,,,,,,,
AlienVault NIDS: 'ET CURRENT_EVENTS Ponmocup C2 Sending Data to Controller 1',Beaconing activity,Mirai Login Attempt,Mirai Variant,Unusual data upload,,,,,,,,,,,,,,,
AlienVault NIDS: 'ET CURRENT_EVENTS Ponmocup C2 Sending Data to Controller 2',Beaconing activity,Mirai Login Attempt,Mirai Variant,Unusual data upload,,,,,,,,,,,,,,,
AlienVault NIDS: 'ET CURRENT_EVENTS Ponmocup Redirection from infected Website to Trojan-Downloader',GenericTrojan_11,Injected redirection to suspicious site,Malicious redirector,Suspicious Redirection Gateway Domain,TDS_Redirect,Malicious File Download,Unusual data download,Data download on suspicious port,Malicious Script Download,,,,,,,,,,
AlienVault NIDS: 'ET CURRENT_EVENTS Possible TDSS Trojan GET with xxxx_ string',GenericTrojan_11,,,,,,,,,,,,,,,,,,
AlienVault NIDS: 'ET CURRENT_EVENTS Possible Zeus Version 3 Infection Posting Banking HTTP Log to Command and Control Server',ZeuS Gameover,,,,,,,,,,,,,,,,,,
AlienVault NIDS: 'ET CURRENT_EVENTS SEO FAKE AV Win32.Ponmocup Checkin',Generic FakeAV,Beaconing activity,Mirai Login Attempt,Mirai Variant,Unusual data upload,,,,,,,,,,,,,,
AlienVault NIDS: 'ET CURRENT_EVENTS SpyEye HTTP Library leaking information to C&C',Spyrat,Beaconing activity,Mirai Login Attempt,Mirai Variant,Unusual data upload,,,,,,,,,,,,,,
AlienVault NIDS: 'ET CURRENT_EVENTS SpyEye Post_Express_Label ftpgrabber check-in',Spyrat,,,,,,,,,,,,,,,,,,
AlienVault NIDS: 'ET CURRENT_EVENTS SpyEye Post_Express_Label infection activity multi-stage download request',Spyrat,Malicious Binary Download,Malicious Document Download,Malicious File Download,Malicious Script Download,Malicious android app download,Malicious archive download,Malicious java app download,Unusual data download,Data download on suspicious port,,,,,,,,,
AlienVault NIDS: 'ET CURRENT_EVENTS SpyEye Post_Express_Label infection activity to document.doc',Spyrat,Malicious Document Download,Malicious archive download,Malicious File Download,Unusual data download,Data download on suspicious port,Malicious Script Download,,,,,,,,,,,,
AlienVault NIDS: 'ET CURRENT_EVENTS TROJAN Likely TDSS Download (codex.exe)',TDS_Redirect,GenericTrojan_11,Malicious Binary Download,Malicious Script Download,Malicious File Download,Unusual data download,Data download on suspicious port,Malicious Script Download,SMB2 Create for an .exe file,,,,,,,,,,
AlienVault NIDS: 'ET CURRENT_EVENTS TROJAN Likely TDSS Download (pcdef.exe)',TDS_Redirect,GenericTrojan_11,Malicious Binary Download,Malicious Script Download,Malicious File Download,Unusual data download,Data download on suspicious port,Malicious Script Download,SMB2 Create for an .exe file,,,,,,,,,,
AlienVault NIDS: 'ET CURRENT_EVENTS Zbot update (av-i386-daily.zip)',Malicious archive download,Beaconing activity,Mirai Login Attempt,Mirai Variant,Unusual data upload,,,,,,,,,,,,,,
AlienVault NIDS: 'ET CURRENT_EVENTS Zbot update (av_base/ip.php)',Beaconing activity,Mirai Login Attempt,Mirai Variant,Unusual data upload,,,,,,,,,,,,,,,
AlienVault NIDS: 'ET CURRENT_EVENTS Zbot update (av_base/pay.php)',Beaconing activity,Mirai Login Attempt,Mirai Variant,Unusual data upload,,,,,,,,,,,,,,,
AlienVault NIDS: 'ET CURRENT_EVENTS Zeus Bot / Zbot Checkin (/us01d/in.php)',ZeuS Gameover,Beaconing activity,Mirai Login Attempt,Mirai Variant,Unusual data upload,,,,,,,,,,,,,,
AlienVault NIDS: 'ET DELETED - Blackhole Admin Login Inbound',BlackHole,RDP protocol,Administrator RDP Connection,RDP Connection with rapid Cookie,,,,,,,,,,,,,,,
AlienVault NIDS: 'ET DELETED - Blackhole Admin Login Outbound',BlackHole,RDP protocol,Administrator RDP Connection,RDP Connection with rapid Cookie,,,,,,,,,,,,,,,
AlienVault NIDS: 'ET DELETED BlackHole Landing Page /upinv.html',BlackHole,,,,,,,,,,,,,,,,,,
AlienVault NIDS: 'ET DELETED BlackHole TKR Landing Page /last/index.php',BlackHole,,,,,,,,,,,,,,,,,,
AlienVault NIDS: 'ET DELETED Blackhole - Blackhole Java Exploit request to spn.jar',BlackHole,,,,,,,,,,,,,,,,,,
AlienVault NIDS: 'ET DELETED Blackhole - Jar File Naming Algorithm',BlackHole,,,,,,,,,,,,,,,,,,
AlienVault NIDS: 'ET DELETED Blackhole - Landing Page Recieved - applet PluginDetect and 10hexchar title',BlackHole,,,,,,,,,,,,,,,,,,
AlienVault NIDS: 'ET DELETED Blackhole Acrobat 1-7 PDF exploit download request 3',BlackHole,Malicious File Download,Unusual data download,Data download on suspicious port,Malicious Script Download,,,,,,,,,,,,,,
AlienVault NIDS: 'ET DELETED Blackhole Acrobat 1-7 PDF exploit download request 4',BlackHole,Malicious File Download,Unusual data download,Data download on suspicious port,Malicious Script Download,,,,,,,,,,,,,,
AlienVault NIDS: 'ET DELETED Blackhole Acrobat 1-7 PDF exploit download request 6',BlackHole,Malicious File Download,Unusual data download,Data download on suspicious port,Malicious Script Download,,,,,,,,,,,,,,
AlienVault NIDS: 'ET DELETED Blackhole Acrobat 8/9.3 PDF exploit download request 4',BlackHole,Malicious File Download,Unusual data download,Data download on suspicious port,Malicious Script Download,,,,,,,,,,,,,,
AlienVault NIDS: 'ET DELETED Blackhole Acrobat 8/9.3 PDF exploit download request 5',BlackHole,Malicious File Download,Unusual data download,Data download on suspicious port,Malicious Script Download,,,,,,,,,,,,,,
AlienVault NIDS: 'ET DELETED Blackhole Acrobat 8/9.3 PDF exploit download request 6',BlackHole,Malicious File Download,Unusual data download,Data download on suspicious port,Malicious Script Download,,,,,,,,,,,,,,
AlienVault NIDS: 'ET DELETED Blackhole Admin bhadmin.php access Inbound',BlackHole,,,,,,,,,,,,,,,,,,
AlienVault NIDS: 'ET DELETED Blackhole Admin bhadmin.php access Outbound',BlackHole,,,,,,,,,,,,,,,,,,
AlienVault NIDS: 'ET DELETED Blackhole Download Secondary Request ?pagpag',BlackHole,Malicious File Download,Unusual data download,Data download on suspicious port,Malicious Script Download,,,,,,,,,,,,,,
AlienVault NIDS: 'ET DELETED Blackhole Eval Split String Obfuscation In Brackets',BlackHole,,,,,,,,,,,,,,,,,,
AlienVault NIDS: 'ET DELETED Blackhole Exploit Kit Applet Code Rafa.Rafa 6th July 2012',BlackHole,,,,,,,,,,,,,,,,,,
AlienVault NIDS: 'ET DELETED Blackhole Exploit Kit JAR from //Home/',BlackHole,,,,,,,,,,,,,,,,,,
AlienVault NIDS: 'ET DELETED Blackhole Exploit Kit Java Exploit request to /Set1.jar 6th July 2012',BlackHole,,,,,,,,,,,,,,,,,,
AlienVault NIDS: 'ET DELETED Blackhole Exploit Kit JavaScript colon string splitting',BlackHole,,,,,,,,,,,,,,,,,,
AlienVault NIDS: 'ET DELETED Blackhole Exploit Kit JavaScript dotted quad hostile applet',BlackHole,,,,,,,,,,,,,,,,,,
AlienVault NIDS: 'ET DELETED Blackhole Exploit Kit Landing - Aug 21 2012',BlackHole,,,,,,,,,,,,,,,,,,
AlienVault NIDS: 'ET DELETED Blackhole Exploit Kit Landing Page Redirect.php Port 8080 Request',BlackHole,Self-signed certificate on high port,Connection on unusual port,Connection received on unusual port,Unusual connection between two hosts,TLS Certificate With Default Values,,,,,,,,,,,,,
AlienVault NIDS: 'ET DELETED Blackhole Exploit Kit Landing Page Structure',BlackHole,,,,,,,,,,,,,,,,,,
AlienVault NIDS: 'ET DELETED Blackhole Exploit Kit Landing Page Try Renamed Prototype Catch - June 28th 2012',BlackHole,,,,,,,,,,,,,,,,,,
AlienVault NIDS: 'ET DELETED Blackhole Exploit Kit Obfuscated Applet Value 6th July 2012',BlackHole,,,,,,,,,,,,,,,,,,
AlienVault NIDS: 'ET DELETED Blackhole Exploit Kit Request tkr',BlackHole,,,,,,,,,,,,,,,,,,
AlienVault NIDS: 'ET DELETED Blackhole Exploit Pack HCP exploit 4',BlackHole,,,,,,,,,,,,,,,,,,
AlienVault NIDS: 'ET DELETED Blackhole Java Applet with Obfuscated URL 2',BlackHole,,,,,,,,,,,,,,,,,,
AlienVault NIDS: 'ET DELETED Blackhole Java Exploit Recent Jar (1)',BlackHole,,,,,,,,,,,,,,,,,,
AlienVault NIDS: 'ET DELETED Blackhole Java Exploit Recent Jar (2)',BlackHole,,,,,,,,,,,,,,,,,,
AlienVault NIDS: 'ET DELETED Blackhole Java Exploit Recent Jar (3)',BlackHole,,,,,,,,,,,,,,,,,,
AlienVault NIDS: 'ET DELETED Blackhole Java Exploit request similar to /content/jav.jar',BlackHole,,,,,,,,,,,,,,,,,,
AlienVault NIDS: 'ET DELETED Blackhole Java Exploit request to /Cal.jar',BlackHole,,,,,,,,,,,,,,,,,,
AlienVault NIDS: 'ET DELETED Blackhole Java Exploit request to /Klot.jar',BlackHole,,,,,,,,,,,,,,,,,,
AlienVault NIDS: 'ET DELETED Blackhole Java Exploit request to /Pol.jar',BlackHole,,,,,,,,,,,,,,,,,,
AlienVault NIDS: 'ET DELETED Blackhole Java Exploit request to /Set.jar',BlackHole,,,,,,,,,,,,,,,,,,
AlienVault NIDS: 'ET DELETED Blackhole Java Exploit request to /content/jav2.jar',BlackHole,,,,,,,,,,,,,,,,,,
AlienVault NIDS: 'ET DELETED Blackhole Java Exploit request to /content/rin.jar',BlackHole,,,,,,,,,,,,,,,,,,
AlienVault NIDS: 'ET DELETED Blackhole Java Exploit request to /content/viewer.jar',BlackHole,,,,,,,,,,,,,,,,,,
AlienVault NIDS: 'ET DELETED Blackhole Java Exploit request to Half.jar',BlackHole,,,,,,,,,,,,,,,,,,
AlienVault NIDS: 'ET DELETED Blackhole Java applet with obfuscated URL 23 Aug 2012',BlackHole,,,,,,,,,,,,,,,,,,
AlienVault NIDS: 'ET DELETED Blackhole Java applet with obfuscated URL 3',BlackHole,,,,,,,,,,,,,,,,,,
AlienVault NIDS: 'ET DELETED Blackhole Java applet with obfuscated URL Nov 09 2012',BlackHole,,,,,,,,,,,,,,,,,,
AlienVault NIDS: 'ET DELETED Blackhole Javascript 23 Aug 2012 split join split applet',BlackHole,,,,,,,,,,,,,,,,,,
AlienVault NIDS: 'ET DELETED Blackhole Landing Page Applet Structure',BlackHole,,,,,,,,,,,,,,,,,,
AlienVault NIDS: 'ET DELETED Blackhole Landing Page ChildNodes.Length - August 13th 2012',BlackHole,,,,,,,,,,,,,,,,,,
AlienVault NIDS: 'ET DELETED Blackhole Landing Page Eval Variable Obfuscation 1',BlackHole,,,,,,,,,,,,,,,,,,
AlienVault NIDS: 'ET DELETED Blackhole Landing Page Eval Variable Obfuscation 2',BlackHole,,,,,,,,,,,,,,,,,,
AlienVault NIDS: 'ET DELETED Blackhole Landing Page Eval Variable Obfuscation 3',BlackHole,,,,,,,,,,,,,,,,,,
AlienVault NIDS: 'ET DELETED Blackhole Landing Page Hwehes String - August 13th 2012',BlackHole,,,,,,,,,,,,,,,,,,
AlienVault NIDS: 'ET DELETED Blackhole Landing Page Intial Structure - 8th August 2012',BlackHole,,,,,,,,,,,,,,,,,,
AlienVault NIDS: 'ET DELETED Blackhole Landing Page JavaScript Replace - 13th August 2012',BlackHole,,,,,,,,,,,,,,,,,,
AlienVault NIDS: 'ET DELETED Blackhole Landing Page JavaScript Split String Obfuscation of CharCode',BlackHole,,,,,,,,,,,,,,,,,,
AlienVault NIDS: 'ET DELETED Blackhole Landing Page Obfuscated Javascript Blob',BlackHole,,,,,,,,,,,,,,,,,,
AlienVault NIDS: 'ET DELETED Blackhole Landing Page Obfuscated Please wait Message',BlackHole,,,,,,,,,,,,,,,,,,
AlienVault NIDS: 'ET DELETED Blackhole Landing Page Script Profile ASD',BlackHole,,,,,,,,,,,,,,,,,,
AlienVault NIDS: 'ET DELETED Blackhole Landing Page Split String Obfuscated Math Floor - July 19th 2012',BlackHole,,,,,,,,,,,,,,,,,,
AlienVault NIDS: 'ET DELETED Blackhole Landing Page getElementByID Qwe - May 22nd 2012',BlackHole,,,,,,,,,,,,,,,,,,
AlienVault NIDS: 'ET DELETED Blackhole Landing Please wait a moment Jun 20 2012',BlackHole,,,,,,,,,,,,,,,,,,
AlienVault NIDS: 'ET DELETED Blackhole Landing Try Prototype Catch Jun 18 2012',BlackHole,,,,,,,,,,,,,,,,,,
AlienVault NIDS: 'ET DELETED Blackhole Landing for Loading prototype catch',BlackHole,,,,,,,,,,,,,,,,,,
AlienVault NIDS: 'ET DELETED Blackhole Landing for prototype catch substr',BlackHole,,,,,,,,,,,,,,,,,,
AlienVault NIDS: 'ET DELETED Blackhole Landing try catch try catch math eval Aug 27 2012',BlackHole,,,,,,,,,,,,,,,,,,
AlienVault NIDS: 'ET DELETED Blackhole Landing with prototype catch',BlackHole,,,,,,,,,,,,,,,,,,
AlienVault NIDS: 'ET DELETED Blackhole Likely Flash exploit download request score.swf',BlackHole,Malicious File Download,Unusual data download,Data download on suspicious port,Malicious Script Download,,,,,,,,,,,,,,
AlienVault NIDS: 'ET DELETED Blackhole Loading Gif Inline Image',BlackHole,,,,,,,,,,,,,,,,,,
AlienVault NIDS: 'ET DELETED Blackhole Malicious PDF asdvsa',BlackHole,,,,,,,,,,,,,,,,,,
AlienVault NIDS: 'ET DELETED Blackhole Malicious PDF qweqwe=',BlackHole,,,,,,,,,,,,,,,,,,
AlienVault NIDS: 'ET DELETED Blackhole OBE Java Exploit request to /content/obe.jar',BlackHole,,,,,,,,,,,,,,,,,,
AlienVault NIDS: 'ET DELETED Blackhole PDF Payload Request With Double Colon',BlackHole,,,,,,,,,,,,,,,,,,
AlienVault NIDS: 'ET DELETED Blackhole PDF Payload Request',BlackHole,,,,,,,,,,,,,,,,,,
AlienVault NIDS: 'ET DELETED Blackhole RawValue Exploit PDF',BlackHole,,,,,,,,,,,,,,,,,,
AlienVault NIDS: 'ET DELETED Blackhole RawValue Specific Exploit PDF',BlackHole,,,,,,,,,,,,,,,,,,
AlienVault NIDS: 'ET DELETED Blackhole Redirection Page Try Math.Round Catch - 7th August 2012',BlackHole,,,,,,,,,,,,,,,,,,
AlienVault NIDS: 'ET DELETED Blackhole Redirection Page You Will Be Forwarded - 7th August 2012',BlackHole,,,,,,,,,,,,,,,,,,
AlienVault NIDS: 'ET DELETED Blackhole Replace JavaScript Large Obfuscated Blob - August 3rd 2012',BlackHole,,,,,,,,,,,,,,,,,,
AlienVault NIDS: 'ET DELETED Blackhole Rhino Java Exploit request to /content/rino.jar',BlackHole,,,,,,,,,,,,,,,,,,
AlienVault NIDS: 'ET DELETED Blackhole Rhino Java Exploit request to /content/v1.jar',BlackHole,,,,,,,,,,,,,,,,,,
AlienVault NIDS: 'ET DELETED Blackhole Specific JavaScript Replace hwehes - 8th August 2012',BlackHole,,,,,,,,,,,,,,,,,,
AlienVault NIDS: 'ET DELETED Blackhole Tax Landing Page with JavaScript Attack',BlackHole,,,,,,,,,,,,,,,,,,
AlienVault NIDS: 'ET DELETED Blackhole Try App.title Catch - May 22nd 2012',BlackHole,,,,,,,,,,,,,,,,,,
AlienVault NIDS: 'ET DELETED Blackhole Try Prototype Catch June 11 2012',BlackHole,,,,,,,,,,,,,,,,,,
AlienVault NIDS: 'ET DELETED Blackhole Try Prototype Catch May 11 2012',BlackHole,,,,,,,,,,,,,,,,,,
AlienVault NIDS: 'ET DELETED Blackhole Try Prototype Catch May 14 2012',BlackHole,,,,,,,,,,,,,,,,,,
AlienVault NIDS: 'ET DELETED Blackhole alt URL request Sep 05 2012 bv6rcs3v1ithi.php?w=',BlackHole,,,,,,,,,,,,,,,,,,
AlienVault NIDS: 'ET DELETED Blackhole obfuscated Java EXE Download by Vulnerable Version - Likely Driveby',BlackHole,Malicious File Download,Unusual data download,Data download on suspicious port,Malicious Script Download,SMB2 Create for an .exe file,,,,,,,,,,,,,
AlienVault NIDS: 'ET DELETED Blackhole obfuscated Javascript 171 charcodes >= 48',BlackHole,,,,,,,,,,,,,,,,,,
AlienVault NIDS: 'ET DELETED Blackhole qwe123 PDF',BlackHole,,,,,,,,,,,,,,,,,,
AlienVault NIDS: 'ET DELETED Blackhole repetitive applet/code tag',BlackHole,,,,,,,,,,,,,,,,,,
AlienVault NIDS: 'ET DELETED Blackhole try eval prototype string splitting evasion Jul 24 2012',BlackHole,,,,,,,,,,,,,,,,,,
AlienVault NIDS: 'ET DELETED Blackhole-like Java Exploit request to .jar?t=',BlackHole,,,,,,,,,,,,,,,,,,
AlienVault NIDS: 'ET DELETED Blackhole/Cool jnlp URI Struct',BlackHole,,,,,,,,,,,,,,,,,,
AlienVault NIDS: 'ET DELETED Blackhole2 - Landing Page Received',BlackHole,,,,,,,,,,,,,,,,,,
AlienVault NIDS: 'ET DELETED DRIVEBY Blackhole - Help and Control Panel Exploit Request',,,,,,,,,,,,,,,,,,,
AlienVault NIDS: 'ET DELETED DRIVEBY Blackhole - Injected Page Leading To Driveby',,,,,,,,,,,,,,,,,,,
AlienVault NIDS: 'ET DELETED DRIVEBY Blackhole - Landing Page Recieved - applet and flowbit',,,,,,,,,,,,,,,,,,,
AlienVault NIDS: 'ET DELETED DRIVEBY Blackhole - Landing Page Requested - *.php?*=16HexCharacters in http_uri',,,,,,,,,,,,,,,,,,,
AlienVault NIDS: 'ET DELETED DRIVEBY Blackhole - Landing Page Requested - /Home/index.php',,,,,,,,,,,,,,,,,,,
AlienVault NIDS: 'ET DELETED DRIVEBY Blackhole - Page redirecting to driveby',,,,,,,,,,,,,,,,,,,
AlienVault NIDS: 'ET DELETED DRIVEBY Blackhole - Payload Download - about.exe',Malicious File Download,Unusual data download,Data download on suspicious port,Malicious Script Download,SMB2 Create for an .exe file,,,,,,,,,,,,,,
AlienVault NIDS: 'ET DELETED DRIVEBY Blackhole - Payload Download - calc.exe',Malicious File Download,Unusual data download,Data download on suspicious port,Malicious Script Download,SMB2 Create for an .exe file,,,,,,,,,,,,,,
AlienVault NIDS: 'ET DELETED DRIVEBY Blackhole - Payload Download - contacts.exe',Malicious File Download,Unusual data download,Data download on suspicious port,Malicious Script Download,SMB2 Create for an .exe file,,,,,,,,,,,,,,
AlienVault NIDS: 'ET DELETED DRIVEBY Blackhole - Payload Download - info.exe',Malicious File Download,Unusual data download,Data download on suspicious port,Malicious Script Download,SMB2 Create for an .exe file,,,,,,,,,,,,,,
AlienVault NIDS: 'ET DELETED DRIVEBY Blackhole - Payload Download - readme.exe',Malicious File Download,Unusual data download,Data download on suspicious port,Malicious Script Download,SMB2 Create for an .exe file,,,,,,,,,,,,,,
AlienVault NIDS: 'ET DELETED DRIVEBY Blackhole - Payload Download - scandsk.exe',Malicious File Download,Unusual data download,Data download on suspicious port,Malicious Script Download,SMB2 Create for an .exe file,,,,,,,,,,,,,,
AlienVault NIDS: 'ET DELETED DRIVEBY Blackhole Landing Page applet param window.document',,,,,,,,,,,,,,,,,,,
AlienVault NIDS: 'ET DELETED DRIVEBY Blackhole Likely Flash Exploit Request /field.swf',,,,,,,,,,,,,,,,,,,
AlienVault NIDS: 'ET DELETED DRIVEBY Blackhole PDF Exploit Request /fdp2.php',,,,,,,,,,,,,,,,,,,
AlienVault NIDS: 'ET DELETED DRIVEBY Blackhole client=done Cookie Present',,,,,,,,,,,,,,,,,,,
AlienVault NIDS: 'ET DELETED DRIVEBY Blackhole client=done Cookie Set',,,,,,,,,,,,,,,,,,,
AlienVault NIDS: 'ET DELETED DRIVEBY Blackhole2 - Landing Page Received',,,,,,,,,,,,,,,,,,,
AlienVault NIDS: 'ET DELETED High Probability Blackhole Landing with catch qq',,,,,,,,,,,,,,,,,,,
AlienVault NIDS: 'ET DELETED INBOUND Blackhole Java Exploit request similar to /content/jav.jar',,,,,,,,,,,,,,,,,,,
AlienVault NIDS: 'ET DELETED Initial Blackhole Landing - Verizon Balance Due Jun 15 2012',,,,,,,,,,,,,,,,,,,
AlienVault NIDS: 'ET DELETED Initial Blackhole Landing .prototype.q catch with split',,,,,,,,,,,,,,,,,,,
AlienVault NIDS: 'ET DELETED Initial Blackhole Landing Loading... Please Wait',,,,,,,,,,,,,,,,,,,
AlienVault NIDS: 'ET DELETED Initial Blackhole Landing Loading... Wait Please',,,,,,,,,,,,,,,,,,,
AlienVault NIDS: 'ET DELETED Likely Blackhole Exploit Kit Driveby ?id Download Secondary Request',Malicious File Download,Unusual data download,Data download on suspicious port,Malicious Script Download,,,,,,,,,,,,,,,
AlienVault NIDS: 'ET DELETED Likely Blackhole PDF served from iframe',,,,,,,,,,,,,,,,,,,
AlienVault NIDS: 'ET DELETED Obfuscated Javascript redirecting to Blackhole June 7 2012',,,,,,,,,,,,,,,,,,,
AlienVault NIDS: 'ET DELETED Outdated Mac Flash Version',,,,,,,,,,,,,,,,,,,
AlienVault NIDS: 'ET DELETED PoisonIvy.Eks Keepalive to CnC',Beaconing activity,Mirai Login Attempt,Mirai Variant,Unusual data upload,,,,,,,,,,,,,,,
AlienVault NIDS: 'ET DELETED PoisonIvy.Esf Keepalive to CnC',Beaconing activity,Mirai Login Attempt,Mirai Variant,Unusual data upload,,,,,,,,,,,,,,,
AlienVault NIDS: 'ET DELETED Possible Blackhole Landing to 7-8 chr folder plus index.htm or index.html',,,,,,,,,,,,,,,,,,,
AlienVault NIDS: 'ET DELETED Possible Blackhole Landing to 8 chr folder plus index.html',,,,,,,,,,,,,,,,,,,
AlienVault NIDS: 'ET DELETED Possible Blackhole Landing to 8 chr folder plus js.js',,,,,,,,,,,,,,,,,,,
AlienVault NIDS: 'ET DELETED Possible Exploit Kit Delivering Executable to Client',SMB2 Create for an .exe file,,,,,,,,,,,,,,,,,,
AlienVault NIDS: 'ET DELETED Possible Request for Blackhole Exploit Kit Landing Page - src.php?case=',,,,,,,,,,,,,,,,,,,
AlienVault NIDS: 'ET DELETED Request For Blackhole Landing Page Go.php',,,,,,,,,,,,,,,,,,,
AlienVault NIDS: 'ET DELETED Unknown Malware Checkin Possibly ZeuS',Beaconing activity,Mirai Login Attempt,Mirai Variant,Unusual data upload,,,,,,,,,,,,,,,
AlienVault NIDS: 'ET DELETED W32/DarkComet Second Stage Download Request',Malicious File Download,Unusual data download,Data download on suspicious port,Malicious Script Download,,,,,,,,,,,,,,,
AlienVault NIDS: 'ET DELETED ZeuS - ICE-IX cid= in cookie',,,,,,,,,,,,,,,,,,,
AlienVault NIDS: 'ET DELETED Zeus CnC Checkin POST to Config.php',Beaconing activity,Mirai Login Attempt,Mirai Variant,Unusual data upload,,,,,,,,,,,,,,,
AlienVault NIDS: 'ET DELETED Zeus POST Request to CnC - content-type variation',Beaconing activity,Mirai Login Attempt,Mirai Variant,Unusual data upload,,,,,,,,,,,,,,,
AlienVault NIDS: 'ET EXPLOIT VNC Multiple Authentication Failures',RDP protocol,Kerberos Authentication Failure,Kerberos AS-REQ with RC4 Encryption,Administrator RDP Connection,RDP Connection with rapid Cookie,,,,,,,,,,,,,,
AlienVault NIDS: 'ET INFO EXE - Served Attached HTTP',,,,,,,,,,,,,,,,,,,
AlienVault NIDS: 'ET INFO EXE - Served Inline HTTP',,,,,,,,,,,,,,,,,,,
AlienVault NIDS: 'ET MALWARE Possible Windows executable sent when remote host claims to send a Text File',RDP protocol,SMBv1,Potential SMB Brute Force Attack,Command Execution Over SMB,Administrator RDP Connection,SMB2 Create for an .exe file,RDP Connection with rapid Cookie,,,,,,,,,,,,
AlienVault NIDS: 'ET MALWARE Sinowal/sinonet/mebroot infected host POSTing process list',,,,,,,,,,,,,,,,,,,
AlienVault NIDS: 'ET MALWARE Sinowal/sinonet/mebroot infected host checkin',Beaconing activity,Mirai Login Attempt,Mirai Variant,Unusual data upload,,,,,,,,,,,,,,,
AlienVault NIDS: 'ET MALWARE Win32.Bublik.B/Birele/Variant.Kazy.66443 Checkin',Beaconing activity,Mirai Login Attempt,Mirai Variant,Unusual data upload,,,,,,,,,,,,,,,
AlienVault NIDS: 'ET P2P ABC Torrent User-Agent (ABC/ABC-3.1.0)',Unusual user agent string observed,BitTorrent,uTorrent,,,,,,,,,,,,,,,,
AlienVault NIDS: 'ET P2P Azureus P2P Client User-Agent',Unusual user agent string observed,BitTorrent,uTorrent,,,,,,,,,,,,,,,,
AlienVault NIDS: 'ET P2P BTWebClient UA uTorrent in use',BitTorrent,uTorrent,,,,,,,,,,,,,,,,,
AlienVault NIDS: 'ET P2P BitTorrent DHT announce_peers request',BitTorrent,uTorrent,,,,,,,,,,,,,,,,,
AlienVault NIDS: 'ET P2P BitTorrent DHT find_node request',BitTorrent,uTorrent,,,,,,,,,,,,,,,,,
AlienVault NIDS: 'ET P2P BitTorrent DHT get_peers request',BitTorrent,uTorrent,,,,,,,,,,,,,,,,,
AlienVault NIDS: 'ET P2P BitTorrent DHT nodes reply',BitTorrent,uTorrent,,,,,,,,,,,,,,,,,
AlienVault NIDS: 'ET P2P BitTorrent DHT ping request',BitTorrent,uTorrent,,,,,,,,,,,,,,,,,
AlienVault NIDS: 'ET P2P BitTorrent Traffic',BitTorrent,uTorrent,,,,,,,,,,,,,,,,,
AlienVault NIDS: 'ET P2P BitTorrent peer sync',BitTorrent,uTorrent,,,,,,,,,,,,,,,,,
AlienVault NIDS: 'ET P2P Bittorrent P2P Client HTTP Request ',HTTP Basic Authentication,BitTorrent,uTorrent,,,,,,,,,,,,,,,,
AlienVault NIDS: 'ET P2P Bittorrent P2P Client User-Agent (BTSP)',Unusual user agent string observed,BitTorrent,uTorrent,,,,,,,,,,,,,,,,
AlienVault NIDS: 'ET P2P Bittorrent P2P Client User-Agent (BitComet)',Unusual user agent string observed,BitTorrent,uTorrent,,,,,,,,,,,,,,,,
AlienVault NIDS: 'ET P2P Bittorrent P2P Client User-Agent (BitTornado)',Unusual user agent string observed,BitTorrent,uTorrent,,,,,,,,,,,,,,,,
AlienVault NIDS: 'ET P2P Bittorrent P2P Client User-Agent (Bittorrent/5.x.x)',Unusual user agent string observed,BitTorrent,uTorrent,,,,,,,,,,,,,,,,
AlienVault NIDS: 'ET P2P Bittorrent P2P Client User-Agent (Deluge 1.x.x)',Unusual user agent string observed,BitTorrent,uTorrent,,,,,,,,,,,,,,,,
AlienVault NIDS: 'ET P2P Bittorrent P2P Client User-Agent (Enhanced CTorrent 3.x)',Unusual user agent string observed,BitTorrent,uTorrent,,,,,,,,,,,,,,,,
AlienVault NIDS: 'ET P2P Bittorrent P2P Client User-Agent (FDM 3.x)',Unusual user agent string observed,BitTorrent,uTorrent,,,,,,,,,,,,,,,,
AlienVault NIDS: 'ET P2P Bittorrent P2P Client User-Agent (KTorrent 2.x)',Unusual user agent string observed,BitTorrent,uTorrent,,,,,,,,,,,,,,,,
AlienVault NIDS: 'ET P2P Bittorrent P2P Client User-Agent (KTorrent/3.x.x)',Unusual user agent string observed,BitTorrent,uTorrent,,,,,,,,,,,,,,,,
AlienVault NIDS: 'ET P2P Bittorrent P2P Client User-Agent (Opera/10.x)',Unusual user agent string observed,BitTorrent,uTorrent,,,,,,,,,,,,,,,,
AlienVault NIDS: 'ET P2P Bittorrent P2P Client User-Agent (Transmission/1.x)',Unusual user agent string observed,BitTorrent,uTorrent,,,,,,,,,,,,,,,,
AlienVault NIDS: 'ET P2P Bittorrent P2P Client User-Agent (rTorrent)',Unusual user agent string observed,BitTorrent,uTorrent,,,,,,,,,,,,,,,,
AlienVault NIDS: 'ET P2P Bittorrent P2P Client User-Agent (uTorrent)',Unusual user agent string observed,BitTorrent,uTorrent,,,,,,,,,,,,,,,,
AlienVault NIDS: 'ET P2P Edonkey Client to Server Hello',BitTorrent,uTorrent,,,,,,,,,,,,,,,,,
AlienVault NIDS: 'ET P2P Edonkey Connect Reply and Server List',BitTorrent,uTorrent,,,,,,,,,,,,,,,,,
AlienVault NIDS: 'ET P2P Edonkey Connect Request',BitTorrent,uTorrent,,,,,,,,,,,,,,,,,
AlienVault NIDS: 'ET P2P Edonkey Get Sources Request (by hash)',BitTorrent,uTorrent,,,,,,,,,,,,,,,,,
AlienVault NIDS: 'ET P2P Edonkey IP Query End',BitTorrent,External IP Lookup,uTorrent,,,,,,,,,,,,,,,,
AlienVault NIDS: 'ET P2P Edonkey IP Reply',BitTorrent,External IP Lookup,uTorrent,,,,,,,,,,,,,,,,
AlienVault NIDS: 'ET P2P Edonkey IP Request',BitTorrent,External IP Lookup,uTorrent,,,,,,,,,,,,,,,,
AlienVault NIDS: 'ET P2P Edonkey Publicize File ACK',BitTorrent,uTorrent,,,,,,,,,,,,,,,,,
AlienVault NIDS: 'ET P2P Edonkey Publicize File',BitTorrent,uTorrent,,,,,,,,,,,,,,,,,
AlienVault NIDS: 'ET P2P Edonkey Search Reply',BitTorrent,uTorrent,,,,,,,,,,,,,,,,,
AlienVault NIDS: 'ET P2P Edonkey Search Request (any type file)',BitTorrent,uTorrent,,,,,,,,,,,,,,,,,
AlienVault NIDS: 'ET P2P Edonkey Search Request (by file hash)',BitTorrent,uTorrent,,,,,,,,,,,,,,,,,
AlienVault NIDS: 'ET P2P Edonkey Search Request (search by name)',BitTorrent,uTorrent,,,,,,,,,,,,,,,,,
AlienVault NIDS: 'ET P2P Edonkey Server List',BitTorrent,uTorrent,,,,,,,,,,,,,,,,,
AlienVault NIDS: 'ET P2P Edonkey Server Message',BitTorrent,uTorrent,,,,,,,,,,,,,,,,,
AlienVault NIDS: 'ET P2P Edonkey Server Status',BitTorrent,uTorrent,,,,,,,,,,,,,,,,,
AlienVault NIDS: 'ET P2P Libtorrent User-Agent',Unusual user agent string observed,BitTorrent,uTorrent,,,,,,,,,,,,,,,,
AlienVault NIDS: 'ET P2P Vuze BT Connection',BitTorrent,uTorrent,,,,,,,,,,,,,,,,,
AlienVault NIDS: 'ET P2P Vuze BT UDP Connection (2)',BitTorrent,uTorrent,,,,,,,,,,,,,,,,,
AlienVault NIDS: 'ET P2P Vuze BT UDP Connection (3)',BitTorrent,uTorrent,,,,,,,,,,,,,,,,,
AlienVault NIDS: 'ET P2P Vuze BT UDP Connection (4)',BitTorrent,uTorrent,,,,,,,,,,,,,,,,,
AlienVault NIDS: 'ET P2P Vuze BT UDP Connection (5)',BitTorrent,uTorrent,,,,,,,,,,,,,,,,,
AlienVault NIDS: 'ET P2P Vuze BT UDP Connection',BitTorrent,uTorrent,,,,,,,,,,,,,,,,,
AlienVault NIDS: 'ET P2P eDonkey File Status Request',BitTorrent,uTorrent,,,,,,,,,,,,,,,,,
AlienVault NIDS: 'ET P2P eDonkey File Status',BitTorrent,uTorrent,,,,,,,,,,,,,,,,,
AlienVault NIDS: 'ET P2P eDonkey Server Status Request',BitTorrent,uTorrent,,,,,,,,,,,,,,,,,
AlienVault NIDS: 'ET P2P eDonkey Server Status',BitTorrent,uTorrent,,,,,,,,,,,,,,,,,
AlienVault NIDS: 'ET P2P ed2k file request answer',BitTorrent,uTorrent,,,,,,,,,,,,,,,,,
AlienVault NIDS: 'ET P2P ed2k request part',BitTorrent,uTorrent,,,,,,,,,,,,,,,,,
AlienVault NIDS: 'ET POLICY Binary Download Smaller than 1 MB Likely Hostile',Malicious File Download,Unusual data download,Data download on suspicious port,Malicious Script Download,,,,,,,,,,,,,,,
AlienVault NIDS: 'ET POLICY GNU/Linux APT User-Agent Outbound likely related to package management',Unusual user agent string observed,,,,,,,,,,,,,,,,,,
AlienVault NIDS: 'ET POLICY GNU/Linux YUM User-Agent Outbound likely related to package management',Unusual user agent string observed,,,,,,,,,,,,,,,,,,
AlienVault NIDS: 'ET POLICY General MSN Chat Activity',,,,,,,,,,,,,,,,,,,
AlienVault NIDS: 'ET POLICY Google IM traffic Jabber client sign-on',,,,,,,,,,,,,,,,,,,
AlienVault NIDS: 'ET POLICY Google Talk (Jabber) Client Login',,,,,,,,,,,,,,,,,,,
AlienVault NIDS: 'ET POLICY Google Talk TLS Client Traffic',,,,,,,,,,,,,,,,,,,
AlienVault NIDS: 'ET POLICY MS Remote Desktop Administrator Login Request',RDP protocol,SMBv1,Potential SMB Brute Force Attack,Administrator RDP Connection,RDP Connection with rapid Cookie,,,,,,,,,,,,,,
AlienVault NIDS: 'ET POLICY MS Remote Desktop POS User Login Request',RDP protocol,SMBv1,Potential SMB Brute Force Attack,Administrator RDP Connection,RDP Connection with rapid Cookie,,,,,,,,,,,,,,
AlienVault NIDS: 'ET POLICY MS Remote Desktop Service User Login Request',RDP protocol,SMBv1,Potential SMB Brute Force Attack,Administrator RDP Connection,RDP Connection with rapid Cookie,,,,,,,,,,,,,,
AlienVault NIDS: 'ET POLICY MS Terminal Server Root login',RDP protocol,Administrator RDP Connection,RDP Connection with rapid Cookie,,,,,,,,,,,,,,,,
AlienVault NIDS: 'ET POLICY MSN Game Loading',Gaming Client,,,,,,,,,,,,,,,,,,
AlienVault NIDS: 'ET POLICY MSN IM Poll via HTTP',,,,,,,,,,,,,,,,,,,
AlienVault NIDS: 'ET POLICY MSN status change',,,,,,,,,,,,,,,,,,,
AlienVault NIDS: 'ET POLICY Outdated Flash Version M1',,,,,,,,,,,,,,,,,,,
AlienVault NIDS: 'ET POLICY PE EXE or DLL Windows file download',Malicious File Download,Unusual data download,Data download on suspicious port,Malicious Script Download,SMB2 Create for an .exe file,,,,,,,,,,,,,,
AlienVault NIDS: 'ET POLICY Possible MSN Messenger File Transfer',SMBv1,Potential SMB Brute Force Attack,,,,,,,,,,,,,,,,,
AlienVault NIDS: 'ET POLICY Skype Bootstrap Node (udp)',,,,,,,,,,,,,,,,,,,
AlienVault NIDS: 'ET POLICY Skype User-Agent detected',Unusual user agent string observed,,,,,,,,,,,,,,,,,,
AlienVault NIDS: 'ET POLICY Skype VOIP Checking Version (Startup)',,,,,,,,,,,,,,,,,,,
AlienVault NIDS: 'ET POLICY Skype VOIP Reporting Install',,,,,,,,,,,,,,,,,,,
AlienVault NIDS: 'ET POLICY Suspicious Executable (PE offset 160)',SMB2 Create for an .exe file,,,,,,,,,,,,,,,,,,
AlienVault NIDS: 'ET POLICY Suspicious Executable (PE offset 512)',SMB2 Create for an .exe file,,,,,,,,,,,,,,,,,,
AlienVault NIDS: 'ET POLICY Suspicious Executable (PE under 128)',SMB2 Create for an .exe file,,,,,,,,,,,,,,,,,,
AlienVault NIDS: 'ET POLICY Suspicious Windows Executable CreateRemoteThread',RDP protocol,Administrator RDP Connection,SMB2 Create for an .exe file,RDP Connection with rapid Cookie,,,,,,,,,,,,,,,
AlienVault NIDS: 'ET POLICY Suspicious Windows Executable WriteProcessMemory',SMB2 Create for an .exe file,,,,,,,,,,,,,,,,,,
AlienVault NIDS: 'ET POLICY TeamViewer Dyngate User-Agent',Unusual user agent string observed,,,,,,,,,,,,,,,,,,
AlienVault NIDS: 'ET POLICY TeamViewier Keep-alive inbound',,,,,,,,,,,,,,,,,,,
AlienVault NIDS: 'ET POLICY Vulnerable Java Version 1.4.x Detected',,,,,,,,,,,,,,,,,,,
AlienVault NIDS: 'ET POLICY Vulnerable Java Version 1.5.x Detected',,,,,,,,,,,,,,,,,,,
AlienVault NIDS: 'ET POLICY Vulnerable Java Version 1.6.x Detected',,,,,,,,,,,,,,,,,,,
AlienVault NIDS: 'ET POLICY Vulnerable Java Version 1.7.x Detected',,,,,,,,,,,,,,,,,,,
"AlienVault NIDS: 'ET SCAN Behavioral Unusual Port 139 traffic, Potential Scan or Infection'",Port Sweep,Port Scan,Connection on unusual port,Connection received on unusual port,Unusual connection between two hosts,,,,,,,,,,,,,,
"AlienVault NIDS: 'ET SCAN Behavioral Unusual Port 445 traffic, Potential Scan or Infection'",Port Sweep,Port Scan,Connection on unusual port,Connection received on unusual port,Unusual connection between two hosts,,,,,,,,,,,,,,
"AlienVault NIDS: 'ET SCAN Behavioral Unusually fast Terminal Server Traffic, Potential Scan or Infection'",Port Sweep,Port Scan,Connection on unusual port,Connection received on unusual port,Unusual connection between two hosts,,,,,,,,,,,,,,
AlienVault NIDS: 'ET SCAN DirBuster Scan in Progress',Port Sweep,Port Scan,Connection on unusual port,Connection received on unusual port,Unusual connection between two hosts,,,,,,,,,,,,,,
AlienVault NIDS: 'ET SCAN DirBuster Web App Scan in Progress',Web Application Attack,Port Sweep,Port Scan,Connection on unusual port,Connection received on unusual port,Unusual connection between two hosts,,,,,,,,,,,,,
AlienVault NIDS: 'ET SCAN LibSSH Based SSH Connection - Often used as a BruteForce Tool',Port Sweep,Port Scan,Connection on unusual port,Connection received on unusual port,Unusual connection between two hosts,,,,,,,,,,,,,,
AlienVault NIDS: 'ET SCAN Nikto Web App Scan in Progress',Web Application Attack,Port Sweep,Port Scan,Connection on unusual port,Connection received on unusual port,Unusual connection between two hosts,,,,,,,,,,,,,
AlienVault NIDS: 'ET SCAN Potential FTP Brute-Force attempt',Port Sweep,Port Scan,Connection on unusual port,Connection received on unusual port,Unusual connection between two hosts,,,,,,,,,,,,,,
AlienVault NIDS: 'ET SCAN Potential SSH Scan OUTBOUND',Port Sweep,Port Scan,Connection on unusual port,Connection received on unusual port,Unusual connection between two hosts,,,,,,,,,,,,,,
AlienVault NIDS: 'ET SCAN Potential SSH Scan',Port Sweep,Port Scan,Connection on unusual port,Connection received on unusual port,Unusual connection between two hosts,,,,,,,,,,,,,,
AlienVault NIDS: 'ET SCAN Potential VNC Scan 5800-5820',Port Sweep,Port Scan,Connection on unusual port,Connection received on unusual port,Unusual connection between two hosts,,,,,,,,,,,,,,
AlienVault NIDS: 'ET SCAN Potential VNC Scan 5900-5920',Port Sweep,Port Scan,Connection on unusual port,Connection received on unusual port,Unusual connection between two hosts,,,,,,,,,,,,,,
AlienVault NIDS: 'ET SCAN Sivus VOIP Vulnerability Scanner SIP Scan',Port Sweep,Port Scan,Connection on unusual port,Connection received on unusual port,Unusual connection between two hosts,,,,,,,,,,,,,,
AlienVault NIDS: 'ET SCAN Skipfish Web Application Scan Detected (2)',Web Application Attack,Port Sweep,Port Scan,Connection on unusual port,Connection received on unusual port,Unusual connection between two hosts,,,,,,,,,,,,,
AlienVault NIDS: 'ET SCAN Skipfish Web Application Scan Detected',Web Application Attack,Port Sweep,Port Scan,Connection on unusual port,Connection received on unusual port,Unusual connection between two hosts,,,,,,,,,,,,,
AlienVault NIDS: 'ET SCAN sipscan probe',Port Sweep,Port Scan,Connection on unusual port,Connection received on unusual port,Unusual connection between two hosts,,,,,,,,,,,,,,
AlienVault NIDS: 'ET TROJAN - Possible Zeus/Perkesh (.bin) configuration download',Malicious File Download,Unusual data download,Data download on suspicious port,Malicious Script Download,,,,,,,,,,,,,,,
AlienVault NIDS: 'ET TROJAN ASProtect/ASPack Packed Binary - Likely Hostile',,,,,,,,,,,,,,,,,,,
AlienVault NIDS: 'ET TROJAN BKDR_BTMINE.MNR BitCoin Miner Retrieving New IP Addresses From Server',Unknown Crypto Miner,External IP Lookup,,,,,,,,,,,,,,,,,
AlienVault NIDS: 'ET TROJAN BKDR_BTMINE.MNR BitCoin Miner Retrieving New Malware From Server',Unknown Crypto Miner,,,,,,,,,,,,,,,,,,
AlienVault NIDS: 'ET TROJAN BKDR_BTMINE.MNR BitCoin Miner Retrieving Server IP Addresses',Unknown Crypto Miner,External IP Lookup,,,,,,,,,,,,,,,,,
AlienVault NIDS: 'ET TROJAN BKDR_BTMINE.MNR BitCoin Miner Server Checkin',Unknown Crypto Miner,Beaconing activity,Mirai Login Attempt,Mirai Variant,Unusual data upload,,,,,,,,,,,,,,
AlienVault NIDS: 'ET TROJAN Backdoor.Win32.Aldibot.A Checkin',Beaconing activity,Mirai Login Attempt,Mirai Variant,Unusual data upload,,,,,,,,,,,,,,,
AlienVault NIDS: 'ET TROJAN Backdoor.Win32.Aldibot.A User-Agent (Aldi Bot)',Unusual user agent string observed,Beaconing activity,Mirai Login Attempt,Mirai Variant,Unusual data upload,,,,,,,,,,,,,,
AlienVault NIDS: 'ET TROJAN Backdoor.Win32.Fynloski.A Checkin Inbound',Beaconing activity,Mirai Login Attempt,Mirai Variant,Unusual data upload,,,,,,,,,,,,,,,
AlienVault NIDS: 'ET TROJAN Backdoor.Win32.Fynloski.A Checkin Outbound',Beaconing activity,Mirai Login Attempt,Mirai Variant,Unusual data upload,,,,,,,,,,,,,,,
AlienVault NIDS: 'ET TROJAN Backdoor.Win32.Fynloski.A Command Response',Command Execution Over SMB,,,,,,,,,,,,,,,,,,
AlienVault NIDS: 'ET TROJAN Bancos User-Agent Detected',Unusual user agent string observed,,,,,,,,,,,,,,,,,,
AlienVault NIDS: 'ET TROJAN Bancos/Banker Info Stealer Post',,,,,,,,,,,,,,,,,,,
AlienVault NIDS: 'ET TROJAN Banker/Bancos/Infostealer Possible Rootkit - HTTP HEAD Request',,,,,,,,,,,,,,,,,,,
AlienVault NIDS: 'ET TROJAN BlackEnergy v2.x HTTP Request with Encrypted Variables',,,,,,,,,,,,,,,,,,,
AlienVault NIDS: 'ET TROJAN BlackEnergy v2.x Plugin Download Request',Malicious File Download,Unusual data download,Data download on suspicious port,Malicious Script Download,,,,,,,,,,,,,,,
AlienVault NIDS: 'ET TROJAN Blackenergy Bot Checkin to C&C (2)',Beaconing activity,Mirai Login Attempt,Mirai Variant,Unusual data upload,,,,,,,,,,,,,,,
AlienVault NIDS: 'ET TROJAN Blackenergy Bot Checkin to C&C',Beaconing activity,Mirai Login Attempt,Mirai Variant,Unusual data upload,,,,,,,,,,,,,,,
AlienVault NIDS: 'ET TROJAN Bredolab Check In',Beaconing activity,Mirai Login Attempt,Mirai Variant,Unusual data upload,,,,,,,,,,,,,,,
AlienVault NIDS: 'ET TROJAN Bredolab Downloader Communicating With Controller (1)',Malicious File Download,Beaconing activity,Unusual data download,Data download on suspicious port,Mirai Login Attempt,Mirai Variant,Malicious Script Download,Unusual data upload,,,,,,,,,,,
AlienVault NIDS: 'ET TROJAN Bredolab Downloader Communicating With Controller (2)',Malicious File Download,Beaconing activity,Unusual data download,Data download on suspicious port,Mirai Login Attempt,Mirai Variant,Malicious Script Download,Unusual data upload,,,,,,,,,,,
AlienVault NIDS: 'ET TROJAN Bredolab Infection - Windows Key',Beaconing activity,Mirai Login Attempt,Mirai Variant,Unusual data upload,,,,,,,,,,,,,,,
AlienVault NIDS: 'ET TROJAN Butterfly/Mariposa Bot Join Acknowledgment',Beaconing activity,Mirai Login Attempt,Mirai Variant,Unusual data upload,,,,,,,,,,,,,,,
AlienVault NIDS: 'ET TROJAN Butterfly/Mariposa Bot client init connection',Beaconing activity,Mirai Login Attempt,Mirai Variant,Unusual data upload,,,,,,,,,,,,,,,
AlienVault NIDS: 'ET TROJAN Chorns/Poison Ivy related Backdoor Initial Connection',,,,,,,,,,,,,,,,,,,
AlienVault NIDS: 'ET TROJAN Chorns/Poison Ivy related Backdoor Keep Alive',Beaconing activity,Mirai Login Attempt,Mirai Variant,Unusual data upload,,,,,,,,,,,,,,,
AlienVault NIDS: 'ET TROJAN Conficker/MS08-067 Worm Traffic Outbound',,,,,,,,,,,,,,,,,,,
AlienVault NIDS: 'ET TROJAN DarkComet-RAT Client Keepalive',,,,,,,,,,,,,,,,,,,
AlienVault NIDS: 'ET TROJAN DarkComet-RAT server join acknowledgement',,,,,,,,,,,,,,,,,,,
AlienVault NIDS: 'ET TROJAN Darkness DDoS Bot Checkin',Beaconing activity,Mirai Login Attempt,Mirai Variant,Unusual data upload,,,,,,,,,,,,,,,
AlienVault NIDS: 'ET TROJAN Dirt Jumper/Russkill3 Checkin',Beaconing activity,Mirai Login Attempt,Mirai Variant,Unusual data upload,,,,,,,,,,,,,,,
AlienVault NIDS: 'ET TROJAN Downadup/Conficker A or B Worm reporting',,,,,,,,,,,,,,,,,,,
AlienVault NIDS: 'ET TROJAN Downloader-5265/Torpig/Anserin/Sinowal Unique UA (MSID [...)',Malicious File Download,Unusual data download,Data download on suspicious port,Malicious Script Download,,,,,,,,,,,,,,,
AlienVault NIDS: 'ET TROJAN Downloader.Win32.Zlob.bgs Checkin(1)',Malicious File Download,Unusual data download,Data download on suspicious port,Malicious Script Download,Beaconing activity,Mirai Login Attempt,Mirai Variant,Unusual data upload,,,,,,,,,,,
AlienVault NIDS: 'ET TROJAN Downloader.Win32.Zlob.bgs Checkin(2)',Malicious File Download,Unusual data download,Data download on suspicious port,Malicious Script Download,Beaconing activity,Mirai Login Attempt,Mirai Variant,Unusual data upload,,,,,,,,,,,
AlienVault NIDS: 'ET TROJAN FSG Packed Binary via HTTP Inbound',Malicious File Download,Unusual data download,Data download on suspicious port,Malicious Script Download,,,,,,,,,,,,,,,
AlienVault NIDS: 'ET TROJAN Fareit/Pony Downloader Checkin 2',Malicious File Download,Unusual data download,Data download on suspicious port,Malicious Script Download,Beaconing activity,Mirai Login Attempt,Mirai Variant,Unusual data upload,,,,,,,,,,,
AlienVault NIDS: 'ET TROJAN Fareit/Pony Downloader Checkin 3',Malicious File Download,Unusual data download,Data download on suspicious port,Malicious Script Download,Beaconing activity,Mirai Login Attempt,Mirai Variant,Unusual data upload,,,,,,,,,,,
AlienVault NIDS: 'ET TROJAN FlashBack Mac OSX malware Checkin',Beaconing activity,Mirai Login Attempt,Mirai Variant,Unusual data upload,,,,,,,,,,,,,,,
AlienVault NIDS: 'ET TROJAN General Downloader or Virut C&C Ack',Beaconing activity,Malicious File Download,Unusual data download,Data download on suspicious port,Mirai Login Attempt,Mirai Variant,Malicious Script Download,Unusual data upload,,,,,,,,,,,
AlienVault NIDS: 'ET TROJAN IRC JOIN command',Command Execution Over SMB,,,,,,,,,,,,,,,,,,
AlienVault NIDS: 'ET TROJAN IRC NICK command',Command Execution Over SMB,,,,,,,,,,,,,,,,,,
AlienVault NIDS: 'ET TROJAN IRC PING command',Command Execution Over SMB,,,,,,,,,,,,,,,,,,
AlienVault NIDS: 'ET TROJAN IRC PONG response',,,,,,,,,,,,,,,,,,,
AlienVault NIDS: 'ET TROJAN IRC PRIVMSG command',Command Execution Over SMB,,,,,,,,,,,,,,,,,,
AlienVault NIDS: 'ET TROJAN IRC USER command',Command Execution Over SMB,,,,,,,,,,,,,,,,,,
AlienVault NIDS: 'ET TROJAN Kazy/Kryptic Checkin with Opera/9 User-Agent',Unusual user agent string observed,Beaconing activity,Mirai Login Attempt,Mirai Variant,Unusual data upload,,,,,,,,,,,,,,
AlienVault NIDS: 'ET TROJAN Kazy/Kryptor/Cycbot Trojan Checkin 2',Beaconing activity,Mirai Login Attempt,Mirai Variant,Unusual data upload,,,,,,,,,,,,,,,
AlienVault NIDS: 'ET TROJAN Kazy/Kryptor/Cycbot Trojan Checkin 3',Beaconing activity,Mirai Login Attempt,Mirai Variant,Unusual data upload,,,,,,,,,,,,,,,
AlienVault NIDS: 'ET TROJAN MBR Trojan (Sinowal/Mebroot/) Phoning Home',,,,,,,,,,,,,,,,,,,
AlienVault NIDS: 'ET TROJAN Mac Flashback Checkin 1',Beaconing activity,Mirai Login Attempt,Mirai Variant,Unusual data upload,,,,,,,,,,,,,,,
AlienVault NIDS: 'ET TROJAN Mac Flashback Checkin 2',Beaconing activity,Mirai Login Attempt,Mirai Variant,Unusual data upload,,,,,,,,,,,,,,,
AlienVault NIDS: 'ET TROJAN Mac Flashback Checkin 3',Beaconing activity,Mirai Login Attempt,Mirai Variant,Unusual data upload,,,,,,,,,,,,,,,
AlienVault NIDS: 'ET TROJAN OSX/Flashback.K first execution checkin',Beaconing activity,Mirai Login Attempt,Mirai Variant,Unusual data upload,,,,,,,,,,,,,,,
AlienVault NIDS: 'ET TROJAN OSX/Flashback.K/I User-Agent',Unusual user agent string observed,,,,,,,,,,,,,,,,,,
AlienVault NIDS: 'ET TROJAN OSX/Flashback.K/I reporting failed infection',,,,,,,,,,,,,,,,,,,
AlienVault NIDS: 'ET TROJAN OSX/Flashback.K/I reporting successful infection 2',,,,,,,,,,,,,,,,,,,
AlienVault NIDS: 'ET TROJAN OSX/Flashback.K/I reporting successful infection',,,,,,,,,,,,,,,,,,,
AlienVault NIDS: 'ET TROJAN P2P Zeus or ZeroAccess Request To CnC',Beaconing activity,BitTorrent,Mirai Login Attempt,Mirai Variant,uTorrent,ZeroAccess,Unusual data upload,,,,,,,,,,,,
AlienVault NIDS: 'ET TROJAN PECompact2 Packed Binary - Likely Hostile',,,,,,,,,,,,,,,,,,,
AlienVault NIDS: 'ET TROJAN PRG/wnspoem/Zeus InfoStealer Trojan Config Download',Malicious File Download,Unusual data download,Data download on suspicious port,Malicious Script Download,,,,,,,,,,,,,,,
AlienVault NIDS: 'ET TROJAN PWSteal.Bancos Generic Banker Trojan SCR Download',Malicious File Download,Unusual data download,Data download on suspicious port,Malicious Script Download,,,,,,,,,,,,,,,
AlienVault NIDS: 'ET TROJAN Palevo (OUTBOUND)',,,,,,,,,,,,,,,,,,,
AlienVault NIDS: 'ET TROJAN Palevo/BFBot/Mariposa client join attempt',Beaconing activity,Mirai Login Attempt,Mirai Variant,Unusual data upload,,,,,,,,,,,,,,,
AlienVault NIDS: 'ET TROJAN Perfect Keylogger FTP Initial Install Log Upload',Unusual data upload,,,,,,,,,,,,,,,,,,
AlienVault NIDS: 'ET TROJAN Perfect Keylogger FTP Log Upload',Unusual data upload,,,,,,,,,,,,,,,,,,
AlienVault NIDS: 'ET TROJAN Perfect Keylogger Install Email Report',,,,,,,,,,,,,,,,,,,
AlienVault NIDS: 'ET TROJAN Poisionivy RAT/Backdoor follow on POST Data PUSH Packet',,,,,,,,,,,,,,,,,,,
AlienVault NIDS: 'ET TROJAN Poison Ivy Key Exchange with CnC Response',Beaconing activity,Mirai Login Attempt,Mirai Variant,Unusual data upload,,,,,,,,,,,,,,,
AlienVault NIDS: 'ET TROJAN PoisonIvy.E Keepalive to CnC',Beaconing activity,Mirai Login Attempt,Mirai Variant,Unusual data upload,,,,,,,,,,,,,,,
AlienVault NIDS: 'ET TROJAN PoisonIvy.Ehy Keepalive to CnC',Beaconing activity,Mirai Login Attempt,Mirai Variant,Unusual data upload,,,,,,,,,,,,,,,
AlienVault NIDS: 'ET TROJAN PoisonIvy.Emp Keepalive to CnC',Beaconing activity,Mirai Login Attempt,Mirai Variant,Unusual data upload,,,,,,,,,,,,,,,
AlienVault NIDS: 'ET TROJAN PoisonIvy.Es11 Keepalive to CnC',Beaconing activity,Mirai Login Attempt,Mirai Variant,Unusual data upload,,,,,,,,,,,,,,,
AlienVault NIDS: 'ET TROJAN PoisonIvy.Eu2 Keepalive to CnC',Beaconing activity,Mirai Login Attempt,Mirai Variant,Unusual data upload,,,,,,,,,,,,,,,
AlienVault NIDS: 'ET TROJAN PoisonIvy.Eu3 Keepalive to CnC',Beaconing activity,Mirai Login Attempt,Mirai Variant,Unusual data upload,,,,,,,,,,,,,,,
AlienVault NIDS: 'ET TROJAN PoisonIvy.Eu4 Keepalive to CnC',Beaconing activity,Mirai Login Attempt,Mirai Variant,Unusual data upload,,,,,,,,,,,,,,,
AlienVault NIDS: 'ET TROJAN PoisonIvy.Eu5 Keepalive from CnC',Beaconing activity,Mirai Login Attempt,Mirai Variant,Unusual data upload,,,,,,,,,,,,,,,
AlienVault NIDS: 'ET TROJAN PoisonIvy.Eu5 Keepalive to CnC',Beaconing activity,Mirai Login Attempt,Mirai Variant,Unusual data upload,,,,,,,,,,,,,,,
AlienVault NIDS: 'ET TROJAN PoisonIvy.Eu6 Keepalive to CnC',Beaconing activity,Mirai Login Attempt,Mirai Variant,Unusual data upload,,,,,,,,,,,,,,,
AlienVault NIDS: 'ET TROJAN Possible TDSS Base64 Encoded Command 1',Command Execution Over SMB,,,,,,,,,,,,,,,,,,
AlienVault NIDS: 'ET TROJAN Possible TDSS Base64 Encoded Command 2',Command Execution Over SMB,,,,,,,,,,,,,,,,,,
AlienVault NIDS: 'ET TROJAN Possible TDSS Base64 Encoded Command 3',Command Execution Over SMB,,,,,,,,,,,,,,,,,,
AlienVault NIDS: 'ET TROJAN Possible TDSS User-Agent CMD3',Unusual user agent string observed,,,,,,,,,,,,,,,,,,
AlienVault NIDS: 'ET TROJAN Possible Variant.Kazy.53640 Malformed Client Hello SSL 3.0 (Cipher_Suite length greater than Client_Hello Length)',,,,,,,,,,,,,,,,,,,
AlienVault NIDS: 'ET TROJAN Possible Variant.Kazy.53640 Malformed Client Hello SSL 3.0 (Session_Id length greater than Client_Hello Length)',,,,,,,,,,,,,,,,,,,
AlienVault NIDS: 'ET TROJAN Potential Blackhole Exploit Pack Binary Load Request 2',,,,,,,,,,,,,,,,,,,
AlienVault NIDS: 'ET TROJAN Potential Blackhole Exploit Pack Binary Load Request',,,,,,,,,,,,,,,,,,,
AlienVault NIDS: 'ET TROJAN Renos/ssd.com HTTP Checkin',Beaconing activity,Mirai Login Attempt,Mirai Variant,Unusual data upload,,,,,,,,,,,,,,,
AlienVault NIDS: 'ET TROJAN Request for utu.dat Likely Ponmocup checkin',Beaconing activity,Mirai Login Attempt,Mirai Variant,Unusual data upload,,,,,,,,,,,,,,,
AlienVault NIDS: 'ET TROJAN Rootkit TDSS/Alureon Checkin 2',Beaconing activity,Mirai Login Attempt,Mirai Variant,Unusual data upload,,,,,,,,,,,,,,,
AlienVault NIDS: 'ET TROJAN Sality - Fake Opera User-Agent (Opera/8.89)',Unusual user agent string observed,,,,,,,,,,,,,,,,,,
AlienVault NIDS: 'ET TROJAN Sality - Fake Opera User-Agent',Unusual user agent string observed,,,,,,,,,,,,,,,,,,
AlienVault NIDS: 'ET TROJAN Sality Variant Checkin Activity',Beaconing activity,Mirai Login Attempt,Mirai Variant,Unusual data upload,,,,,,,,,,,,,,,
AlienVault NIDS: 'ET TROJAN Sality Variant Downloader Activity (2)',Malicious File Download,Unusual data download,Data download on suspicious port,Malicious Script Download,,,,,,,,,,,,,,,
AlienVault NIDS: 'ET TROJAN Sality Variant Downloader Activity (3)',Malicious File Download,Unusual data download,Data download on suspicious port,Malicious Script Download,,,,,,,,,,,,,,,
AlienVault NIDS: 'ET TROJAN Sality Variant Downloader Activity',Malicious File Download,Unusual data download,Data download on suspicious port,Malicious Script Download,,,,,,,,,,,,,,,
AlienVault NIDS: 'ET TROJAN Sinowal/Mebroot Client POST',,,,,,,,,,,,,,,,,,,
AlienVault NIDS: 'ET TROJAN Sinowal/Torpig Checkin',Beaconing activity,Mirai Login Attempt,Mirai Variant,Unusual data upload,,,,,,,,,,,,,,,
AlienVault NIDS: 'ET TROJAN Spoofed MSIE 7 User-Agent Likely Ponmocup',Unusual user agent string observed,,,,,,,,,,,,,,,,,,
AlienVault NIDS: 'ET TROJAN SpyEye Bot Checkin',Beaconing activity,Mirai Login Attempt,Mirai Variant,Unusual data upload,,,,,,,,,,,,,,,
AlienVault NIDS: 'ET TROJAN SpyEye C&C Check-in URI',Beaconing activity,Mirai Login Attempt,Mirai Variant,Unusual data upload,,,,,,,,,,,,,,,
AlienVault NIDS: 'ET TROJAN SpyEye Checkin version 1.3.25 or later 2',Beaconing activity,Mirai Login Attempt,Mirai Variant,Unusual data upload,,,,,,,,,,,,,,,
AlienVault NIDS: 'ET TROJAN SpyEye Checkin version 1.3.25 or later 3',Beaconing activity,Mirai Login Attempt,Mirai Variant,Unusual data upload,,,,,,,,,,,,,,,
AlienVault NIDS: 'ET TROJAN SpyEye Checkin version 1.3.25 or later',Beaconing activity,Mirai Login Attempt,Mirai Variant,Unusual data upload,,,,,,,,,,,,,,,
AlienVault NIDS: 'ET TROJAN SpyEye POSTing data',,,,,,,,,,,,,,,,,,,
AlienVault NIDS: 'ET TROJAN Suspicious User Agent (Zlob Related) (UA00000)',Unusual user agent string observed,,,,,,,,,,,,,,,,,,
AlienVault NIDS: 'ET TROJAN Syrutrk/Gibon/Bredolab Checkin',Beaconing activity,Mirai Login Attempt,Mirai Variant,Unusual data upload,,,,,,,,,,,,,,,
AlienVault NIDS: 'ET TROJAN TDSS/TDL/Alureon MBR rootkit Checkin',Beaconing activity,Mirai Login Attempt,Mirai Variant,Unusual data upload,,,,,,,,,,,,,,,
AlienVault NIDS: 'ET TROJAN TDSServ or Tidserv variant Checkin',Beaconing activity,Mirai Login Attempt,Mirai Variant,Unusual data upload,,,,,,,,,,,,,,,
AlienVault NIDS: 'ET TROJAN TLD4 Purple Haze Variant Initial CnC Request for Ad Servers',Beaconing activity,Mirai Login Attempt,Mirai Variant,Unusual data upload,,,,,,,,,,,,,,,
AlienVault NIDS: 'ET TROJAN TR/Rimecud.aksa User-Agent (indy)',Unusual user agent string observed,,,,,,,,,,,,,,,,,,
AlienVault NIDS: 'ET TROJAN TSPY_BANKER.IDV/Infostealer.Bancos Module Download',Malicious File Download,Unusual data download,Data download on suspicious port,Malicious Script Download,,,,,,,,,,,,,,,
AlienVault NIDS: 'ET TROJAN Trojan Internet Connectivity Check',,,,,,,,,,,,,,,,,,,
AlienVault NIDS: 'ET TROJAN Trojan Sinowal Phoning Home',,,,,,,,,,,,,,,,,,,
AlienVault NIDS: 'ET TROJAN VMProtect Packed Binary Inbound via HTTP - Likely Hostile',,,,,,,,,,,,,,,,,,,
AlienVault NIDS: 'ET TROJAN Virus.Win32.Sality.aa Checkin',Beaconing activity,Mirai Login Attempt,Mirai Variant,Unusual data upload,,,,,,,,,,,,,,,
AlienVault NIDS: 'ET TROJAN Virut Counter/Check-in ',,,,,,,,,,,,,,,,,,,
AlienVault NIDS: 'ET TROJAN Virut Family GET',,,,,,,,,,,,,,,,,,,
AlienVault NIDS: 'ET TROJAN Virut/Virutas/Virtob/QQHelper Dropper Family - HTTP GET',,,,,,,,,,,,,,,,,,,
AlienVault NIDS: 'ET TROJAN W32.Gimemo/Aldibot CnC POST',Beaconing activity,Mirai Login Attempt,Mirai Variant,Unusual data upload,,,,,,,,,,,,,,,
AlienVault NIDS: 'ET TROJAN W32.Virut.A joining an IRC Channel',,,,,,,,,,,,,,,,,,,
AlienVault NIDS: 'ET TROJAN W32/Kazy Checkin',Beaconing activity,Mirai Login Attempt,Mirai Variant,Unusual data upload,,,,,,,,,,,,,,,
AlienVault NIDS: 'ET TROJAN W32/Rimecud User Agent beat',Unusual user agent string observed,,,,,,,,,,,,,,,,,,
AlienVault NIDS: 'ET TROJAN W32/Sality Executable Pack Digital Signature ASCII Marker',SMB2 Create for an .exe file,,,,,,,,,,,,,,,,,,
AlienVault NIDS: 'ET TROJAN Win32.Agent.zrm/Infostealer.Bancos Checkin',Beaconing activity,Mirai Login Attempt,Mirai Variant,Unusual data upload,,,,,,,,,,,,,,,
AlienVault NIDS: 'ET TROJAN Win32.Sality User-Agent (DEBUT.TMP)',Unusual user agent string observed,,,,,,,,,,,,,,,,,,
AlienVault NIDS: 'ET TROJAN Win32.Sality User-Agent (Internet Explorer 5.01)',Unusual user agent string observed,,,,,,,,,,,,,,,,,,
AlienVault NIDS: 'ET TROJAN Win32.Tdss User Agent Detected (Mozzila)',Unusual user agent string observed,,,,,,,,,,,,,,,,,,
AlienVault NIDS: 'ET TROJAN Win32.Virut - GET',,,,,,,,,,,,,,,,,,,
AlienVault NIDS: 'ET TROJAN Win32/Ponmocup.A Checkin',Beaconing activity,Mirai Login Attempt,Mirai Variant,Unusual data upload,,,,,,,,,,,,,,,
AlienVault NIDS: 'ET TROJAN Win32/Rimecud download',Malicious File Download,Unusual data download,Data download on suspicious port,Malicious Script Download,,,,,,,,,,,,,,,
AlienVault NIDS: 'ET TROJAN Win32/Rimecud.A User-Agent (counters)',Unusual user agent string observed,,,,,,,,,,,,,,,,,,
AlienVault NIDS: 'ET TROJAN Win32/Rimecud.A User-Agent (giftz)',Unusual user agent string observed,,,,,,,,,,,,,,,,,,
AlienVault NIDS: 'ET TROJAN Win32/Rimecud.A User-Agent (needit)',Unusual user agent string observed,,,,,,,,,,,,,,,,,,
AlienVault NIDS: 'ET TROJAN Win32/Virut.BN Checkin',Beaconing activity,Mirai Login Attempt,Mirai Variant,Unusual data upload,,,,,,,,,,,,,,,
AlienVault NIDS: 'ET TROJAN X-Tag Zeus Mitmo user agent',Unusual user agent string observed,,,,,,,,,,,,,,,,,,
AlienVault NIDS: 'ET TROJAN Xilcter/Zeus related malware dropper reporting in',,,,,,,,,,,,,,,,,,,
AlienVault NIDS: 'ET TROJAN Zbot CnC GET /lost.dat',Beaconing activity,Mirai Login Attempt,Mirai Variant,Unusual data upload,,,,,,,,,,,,,,,
AlienVault NIDS: 'ET TROJAN Zbot CnC POST /common/timestamps.php',Beaconing activity,Mirai Login Attempt,Mirai Variant,Unusual data upload,,,,,,,,,,,,,,,
AlienVault NIDS: 'ET TROJAN Zbot CnC POST /common/versions.php',Beaconing activity,Mirai Login Attempt,Mirai Variant,Unusual data upload,,,,,,,,,,,,,,,
AlienVault NIDS: 'ET TROJAN Zbot/Zeus C&C Access',Beaconing activity,Mirai Login Attempt,Mirai Variant,Unusual data upload,,,,,,,,,,,,,,,
AlienVault NIDS: 'ET TROJAN Zbot/Zeus Dropper Infection - /check',Beaconing activity,Mirai Login Attempt,Mirai Variant,Unusual data upload,,,,,,,,,,,,,,,
AlienVault NIDS: 'ET TROJAN Zbot/Zeus Dropper Infection - /loads.php',Beaconing activity,Mirai Login Attempt,Mirai Variant,Unusual data upload,,,,,,,,,,,,,,,
AlienVault NIDS: 'ET TROJAN Zbot/Zeus HTTP POST',HTTP Basic Authentication,Beaconing activity,Mirai Login Attempt,Mirai Variant,Unusual data upload,,,,,,,,,,,,,,
AlienVault NIDS: 'ET TROJAN Zbot/Zeus or Related Infection Checkin',Beaconing activity,Mirai Login Attempt,Mirai Variant,Unusual data upload,,,,,,,,,,,,,,,
AlienVault NIDS: 'ET TROJAN ZeroAccess HTTP GET request',HTTP Basic Authentication,ZeroAccess,,,,,,,,,,,,,,,,,
AlienVault NIDS: 'ET TROJAN ZeroAccess Outbound udp traffic detected',ZeroAccess,,,,,,,,,,,,,,,,,,
AlienVault NIDS: 'ET TROJAN ZeroAccess udp traffic detected',ZeroAccess,,,,,,,,,,,,,,,,,,
AlienVault NIDS: 'ET TROJAN ZeroAccess/Max++ Rootkit C&C Activity 1',Beaconing activity,Mirai Login Attempt,Mirai Variant,ZeroAccess,Unusual data upload,,,,,,,,,,,,,,
AlienVault NIDS: 'ET TROJAN ZeroAccess/Max++ Rootkit C&C Activity 2',Beaconing activity,Mirai Login Attempt,Mirai Variant,ZeroAccess,Unusual data upload,,,,,,,,,,,,,,
AlienVault NIDS: 'ET TROJAN ZeuS Clickfraud List Delivered To Client',,,,,,,,,,,,,,,,,,,
AlienVault NIDS: 'ET TROJAN ZeuS Ransomware win_unlock',,,,,,,,,,,,,,,,,,,
AlienVault NIDS: 'ET TROJAN Zeus Bot GET to Google checking Internet connectivity using proxy',Beaconing activity,Mirai Login Attempt,Mirai Variant,Unusual data upload,,,,,,,,,,,,,,,
AlienVault NIDS: 'ET TROJAN Zeus Bot GET to Google checking Internet connectivity',Beaconing activity,Mirai Login Attempt,Mirai Variant,Unusual data upload,,,,,,,,,,,,,,,
AlienVault NIDS: 'ET TROJAN Zeus Bot Request to CnC 2',Beaconing activity,Mirai Login Attempt,Mirai Variant,Unusual data upload,,,,,,,,,,,,,,,
AlienVault NIDS: 'ET TROJAN Zeus Bot Request to CnC',Beaconing activity,Mirai Login Attempt,Mirai Variant,Unusual data upload,,,,,,,,,,,,,,,
AlienVault NIDS: 'ET TROJAN Zeus Checkin Header Pattern',Beaconing activity,Mirai Login Attempt,Mirai Variant,Unusual data upload,,,,,,,,,,,,,,,
AlienVault NIDS: 'ET TROJAN Zeus POST Request to CnC - URL agnostic',Beaconing activity,Mirai Login Attempt,Mirai Variant,Unusual data upload,,,,,,,,,,,,,,,
AlienVault NIDS: 'ET TROJAN Zeus POST Request to CnC - cookie variation',Beaconing activity,Mirai Login Attempt,Mirai Variant,Unusual data upload,,,,,,,,,,,,,,,
AlienVault NIDS: 'ET TROJAN Zeus POST Request to CnC sk1 and bn1 post parameters',Beaconing activity,Mirai Login Attempt,Mirai Variant,Unusual data upload,,,,,,,,,,,,,,,
AlienVault NIDS: 'ET TROJAN Zeus POST Request to CnC',Beaconing activity,Mirai Login Attempt,Mirai Variant,Unusual data upload,,,,,,,,,,,,,,,
AlienVault NIDS: 'ET TROJAN Zeus/Aeausuc or Unknown P2P Bot',Beaconing activity,BitTorrent,Mirai Login Attempt,Mirai Variant,uTorrent,Unusual data upload,,,,,,,,,,,,,
AlienVault NIDS: 'ET TROJAN Zeus/Reveton checkin to /images.rar',Beaconing activity,Mirai Login Attempt,Mirai Variant,Unusual data upload,,,,,,,,,,,,,,,
AlienVault NIDS: 'ET TROJAN Zlob HTTP Checkin',HTTP Basic Authentication,,,,,,,,,,,,,,,,,,
AlienVault NIDS: 'ET TROJAN Zlob Initial Check-in Version 2 (confirm.php?sid=)',,,,,,,,,,,,,,,,,,,
AlienVault NIDS: 'ET TROJAN Zlob Updating via HTTP (v2)',HTTP Basic Authentication,,,,,,,,,,,,,,,,,,
AlienVault NIDS: 'ET TROJAN Zlob Updating via HTTP',HTTP Basic Authentication,,,,,,,,,,,,,,,,,,
AlienVault NIDS: 'ET USER_AGENTS Spoofed MSIE 8 User-Agent Likely Ponmocup',Unusual user agent string observed,,,,,,,,,,,,,,,,,,
AlienVault NIDS: 'ET USER_AGENTS W32/Kazy User-Agent (Windows NT 5.1 \,Unusual user agent string observed,,,,,,,,,,,,,,,,,,
AlienVault NIDS: 'ET USER_AGENTS W32/Renos.Downloader User Agent zeroup',Unusual user agent string observed,Malicious File Download,Unusual data download,Data download on suspicious port,Malicious Script Download,,,,,,,,,,,,,,
AlienVault NIDS: 'ET VIRUS Sality Virus User Agent Detected (KUKU)',Unusual user agent string observed,,,,,,,,,,,,,,,,,,
AlienVault NIDS: 'ET VIRUS Zlob User Agent - Likely Zlob (securityinternet)',Unusual user agent string observed,,,,,,,,,,,,,,,,,,
AlienVault NIDS: 'ET VIRUS Zlob User Agent - updating (Winlogon)',Unusual user agent string observed,,,,,,,,,,,,,,,,,,
AlienVault NIDS: 'ET VIRUS Zlob User Agent - updating (internetsecurity)',Unusual user agent string observed,,,,,,,,,,,,,,,,,,
AlienVault NIDS: 'ET VIRUS Zlob User Agent - updating (unknown)',Unusual user agent string observed,,,,,,,,,,,,,,,,,,
AlienVault NIDS: 'ET VOIP Multiple Unauthorized SIP Responses TCP',,,,,,,,,,,,,,,,,,,
AlienVault NIDS: 'ET WEB_SERVER MYSQL SELECT CONCAT SQL Injection Attempt',SQL Injection,Web Application Attack,,,,,,,,,,,,,,,,,
AlienVault NIDS: 'ET WEB_SERVER Possible ALTER SQL Injection Attempt',SQL Injection,Web Application Attack,,,,,,,,,,,,,,,,,
AlienVault NIDS: 'ET WEB_SERVER Possible CREATE SQL Injection Attempt',SQL Injection,Web Application Attack,,,,,,,,,,,,,,,,,
AlienVault NIDS: 'ET WEB_SERVER Possible DROP SQL Injection Attempt',SQL Injection,Web Application Attack,,,,,,,,,,,,,,,,,
AlienVault NIDS: 'ET WEB_SERVER Possible GRANT TO SQL Injection Attempt',SQL Injection,Web Application Attack,,,,,,,,,,,,,,,,,
AlienVault NIDS: 'ET WEB_SERVER Possible INSERT VALUES SQL Injection Attempt',SQL Injection,Web Application Attack,,,,,,,,,,,,,,,,,
AlienVault NIDS: 'ET WEB_SERVER Possible SQL Injection (exec)',SQL Injection,Web Application Attack,,,,,,,,,,,,,,,,,
AlienVault NIDS: 'ET WEB_SERVER Possible SQL Injection (varchar)',SQL Injection,Web Application Attack,,,,,,,,,,,,,,,,,
AlienVault NIDS: 'ET WEB_SERVER Possible SQL Injection Attempt DELETE FROM',SQL Injection,Web Application Attack,,,,,,,,,,,,,,,,,
AlienVault NIDS: 'ET WEB_SERVER Possible SQL Injection Attempt Danmec related (declare)',SQL Injection,Web Application Attack,,,,,,,,,,,,,,,,,
AlienVault NIDS: 'ET WEB_SERVER Possible SQL Injection Attempt INSERT IGNORE INTO',SQL Injection,Web Application Attack,,,,,,,,,,,,,,,,,
AlienVault NIDS: 'ET WEB_SERVER Possible SQL Injection Attempt SELECT FROM',SQL Injection,Web Application Attack,,,,,,,,,,,,,,,,,
AlienVault NIDS: 'ET WEB_SERVER Possible SQL Injection Attempt UNION SELECT',SQL Injection,Web Application Attack,,,,,,,,,,,,,,,,,
AlienVault NIDS: 'ET WEB_SERVER Possible SQL Injection Attempt UPDATE SET',SQL Injection,Web Application Attack,,,,,,,,,,,,,,,,,
AlienVault NIDS: 'ET WEB_SERVER Possible SQL Injection Attempt char() Danmec related',SQL Injection,Web Application Attack,,,,,,,,,,,,,,,,,
AlienVault NIDS: 'ET WEB_SERVER Possible SQL Injection INTO OUTFILE Arbitrary File Write Attempt',SQL Injection,Web Application Attack,,,,,,,,,,,,,,,,,
AlienVault NIDS: 'ET WEB_SERVER Possible SQL Injection Using MSSQL sp_configure Command',SQL Injection,Web Application Attack,,,,,,,,,,,,,,,,,
"AlienVault NIDS: 'ET WEB_SERVER SELECT INSTR in URI, Possible ORACLE Related Blind SQL Injection Attempt'",SQL Injection,Web Application Attack,,,,,,,,,,,,,,,,,
"AlienVault NIDS: 'ET WEB_SERVER SELECT SUBSTR/ING in URI, Possible Blind SQL Injection Attempt'",SQL Injection,Web Application Attack,,,,,,,,,,,,,,,,,
AlienVault NIDS: 'ET WEB_SERVER SELECT USER SQL Injection Attempt in URI',SQL Injection,Web Application Attack,,,,,,,,,,,,,,,,,
AlienVault NIDS: 'ET WEB_SERVER SHOW CHARACTER SET SQL Injection Attempt in URI',SQL Injection,Web Application Attack,,,,,,,,,,,,,,,,,
AlienVault NIDS: 'ET WEB_SERVER SHOW CURDATE/CURTIME SQL Injection Attempt in URI',SQL Injection,Web Application Attack,,,,,,,,,,,,,,,,,
AlienVault NIDS: 'ET WEB_SERVER SHOW TABLES SQL Injection Attempt in URI',SQL Injection,Web Application Attack,,,,,,,,,,,,,,,,,
AlienVault NIDS: 'ET WEB_SERVER SHOW VARIABLES SQL Injection Attempt in URI',SQL Injection,Web Application Attack,,,,,,,,,,,,,,,,,
AlienVault NIDS: 'ET WEB_SERVER SQL Injection BULK INSERT in URI to Insert File Content into Database Table',SQL Injection,Web Application Attack,,,,,,,,,,,,,,,,,
AlienVault NIDS: 'ET WEB_SERVER Unusually Fast HTTP Requests With Referer Url Matching DoS Tool',Web Application Attack,HTTP Basic Authentication,,,,,,,,,,,,,,,,,
AlienVault NIDS: 'ET WEB_SERVER Wordpress Login Bruteforcing Detected',Web Application Attack,,,,,,,,,,,,,,,,,,
AlienVault NIDS: 'ET WORM Rimecud Worm checkin',Beaconing activity,Mirai Login Attempt,Mirai Variant,Unusual data upload,,,,,,,,,,,,,,,
AlienVault NIDS: 'ET WORM W32/Rimecud /qvod/ff.txt Checkin',Beaconing activity,Mirai Login Attempt,Mirai Variant,Unusual data upload,,,,,,,,,,,,,,,
AlienVault NIDS: 'ET WORM W32/Rimecud wg.txt Checkin',Beaconing activity,Mirai Login Attempt,Mirai Variant,Unusual data upload,,,,,,,,,,,,,,,
AlienVault NIDS: 'GPL CHAT IRC Channel join',,,,,,,,,,,,,,,,,,,
AlienVault NIDS: 'GPL CHAT IRC DCC chat request',,,,,,,,,,,,,,,,,,,
AlienVault NIDS: 'GPL CHAT IRC DCC file transfer request',,,,,,,,,,,,,,,,,,,
AlienVault NIDS: 'GPL CHAT MSN login attempt',,,,,,,,,,,,,,,,,,,
AlienVault NIDS: 'GPL CHAT MSN outbound file transfer request',,,,,,,,,,,,,,,,,,,
AlienVault NIDS: 'GPL CHAT MSN user search',,,,,,,,,,,,,,,,,,,
AlienVault NIDS: 'GPL P2P BitTorrent announce request',BitTorrent,uTorrent,,,,,,,,,,,,,,,,,
AlienVault NIDS: 'GPL P2P BitTorrent transfer',BitTorrent,uTorrent,,,,,,,,,,,,,,,,,
AlienVault NIDS: 'GPL P2P eDonkey server response',BitTorrent,uTorrent,,,,,,,,,,,,,,,,,
AlienVault NIDS: 'NETBIOS SMB repeated logon failure',SMBv1,Potential SMB Brute Force Attack,,,,,,,,,,,,,,,,,
AlienVault NIDS: 'NETBIOS SMB-DS repeated logon failure',SMBv1,Potential SMB Brute Force Attack,,,,,,,,,,,,,,,,,
AlienVault NIDS: 'POLICY Google Webmail client chat applet',,,,,,,,,,,,,,,,,,,
AlienVault NIDS: 'POLICY Ultimate Packer for Executables/UPX v0.51-v0.61 packed file download attempt',Malicious File Download,Unusual data download,Data download on suspicious port,Malicious Script Download,SMB2 Create for an .exe file,,,,,,,,,,,,,,
AlienVault NIDS: 'POLICY Ultimate Packer for Executables/UPX v0.62-v1.22 packed file download attempt',Malicious File Download,Unusual data download,Data download on suspicious port,Malicious Script Download,SMB2 Create for an .exe file,,,,,,,,,,,,,,
"AlienVault NIDS: 'POLICY Ultimate Packer for Executables/UPX v2.90,v2.93-3.00 packed file download attempt'",Malicious File Download,Unusual data download,Data download on suspicious port,Malicious Script Download,SMB2 Create for an .exe file,,,,,,,,,,,,,,
AlienVault NIDS: 'POLICY download of executable content - x-header',Malicious File Download,Unusual data download,Data download on suspicious port,Malicious Script Download,SMB2 Create for an .exe file,,,,,,,,,,,,,,
AlienVault NIDS: 'POLICY download of executable content',Malicious File Download,Unusual data download,Data download on suspicious port,Malicious Script Download,SMB2 Create for an .exe file,,,,,,,,,,,,,,
AlienVault NIDS: 'SPECIFIC-THREATS Palevo bot DNS request attempt',Beaconing activity,Mirai Login Attempt,Mirai Variant,Unusual data upload,,,,,,,,,,,,,,,
AlienVault NIDS: 'SPECIFIC-THREATS Palevo bot DNS request for C&C attempt',Beaconing activity,Mirai Login Attempt,Mirai Variant,Unusual data upload,,,,,,,,,,,,,,,
AlienVault NIDS: 'SPYWARE-PUT Spyeye bot contact to C&C server attempt',Beaconing activity,Mirai Login Attempt,Mirai Variant,Unusual data upload,,,,,,,,,,,,,,,
AlienVault NIDS: 'WEB-CLIENT Portable Executable binary file transfer',SMBv1,Potential SMB Brute Force Attack,SMB2 Create for an .exe file,,,,,,,,,,,,,,,,
AlienVault NIDS: 'WEB-CLIENT pe compact binary download',Malicious File Download,Unusual data download,Data download on suspicious port,Malicious Script Download,,,,,,,,,,,,,,,
CHAT IRC channel join,,,,,,,,,,,,,,,,,,,
CHAT IRC message,,,,,,,,,,,,,,,,,,,
CHAT IRC nick change,,,,,,,,,,,,,,,,,,,
CHAT MSN message,,,,,,,,,,,,,,,,,,,
Category: Access/Web_Application_Access,Web Application Attack,Potential Apache Struts Exploitation Attempt,Unusual connection between two hosts,Connection on unusual port,Connection received on unusual port,,,,,,,,,,,,,,
"Category: Exploit/Shellcode, Command_Execution, Cross_Site_Scripting, File_Inclusion, Directory_Traversal",SMBv1,Potential Apache Struts Exploitation Attempt,Potential SMB Brute Force Attack,CVE-2019-19781 Exploit,Command Execution Over SMB,SMB2 Create for an .exe file,Possible Cross Site Scripting Attempt,,,,,,,,,,,,
Category: Malware,Unusual connection between two hosts,Connection on unusual port,Connection received on unusual port,,,,,,,,,,,,,,,,
"Category: Malware/Backdoor, Fake_Antivirus, KeyLogger, Trojan, Virus",Unusual connection between two hosts,Connection on unusual port,Connection received on unusual port,,,,,,,,,,,,,,,,
Category: Suspicious/Web_Attack_or_Scan,Web Application Attack,Port Sweep,Port Scan,Connection on unusual port,Connection received on unusual port,External IP Lookup,Unusual connection between two hosts,,,,,,,,,,,,
INFO TELNET Bad Login,RDP protocol,Administrator RDP Connection,RDP Connection with rapid Cookie,,,,,,,,,,,,,,,,
Invalid plugin sid,,,,,,,,,,,,,,,,,,,
SMTP AUTH LOGON brute force attempt,,,,,,,,,,,,,,,,,,,
SNMP private access udp,,,,,,,,,,,,,,,,,,,
SNMP public access udp,,,,,,,,,,,,,,,,,,,
SSHd: Failed password,Active Directory Password Policy Query,,,,,,,,,,,,,,,,,,
"SSHd: Login sucessful, Accepted password",RDP protocol,Active Directory Password Policy Query,Administrator RDP Connection,RDP Connection with rapid Cookie,,,,,,,,,,,,,,,
TELNET login incorrect,RDP protocol,Administrator RDP Connection,RDP Connection with rapid Cookie,,,,,,,,,,,,,,,,
To view or hide the list of plugin sid click here,,,,,,,,,,,,,,,,,,,
pam_unix: authentication failure,Kerberos Authentication Failure,Kerberos AS-REQ with RC4 Encryption,,,,,,,,,,,,,,,,,
pam_unix: session opened,,,,,,,,,,,,,,,,,,,
